order_id,order_created_at,sku,order_type,quantity,net_sales_usd,financial_status,fulfillment_status
DASH-2001,2025-04-01T08:00:00Z,FRESH-8LB-BEEF-CHICKEN,trial,1,34.5,paid,fulfilled
DASH-2002,2025-04-01T09:07:00Z,FRESH-8LB-BEEF-CHICKEN,trial,1,34.5,paid,fulfilled
DASH-2003,2025-04-01T10:14:00Z,FRESH-8LB-BEEF-CHICKEN,trial,1,34.5,paid,fulfilled
DASH-2004,2025-04-01T11:21:00Z,FRESH-8LB-BEEF-CHICKEN,subscription,1,127.2,paid,fulfilled
DASH-2005,2025-04-01T12:28:00Z,FRESH-8LB-BEEF-CHICKEN,subscription,1,127.2,paid,fulfilled
DASH-2006,2025-04-01T13:35:00Z,FRESH-8LB-BEEF-CHICKEN,subscription,1,127.2,paid,fulfilled
DASH-2007,2025-04-01T14:42:00Z,FRESH-8LB-BEEF-CHICKEN,subscription,1,127.2,paid,fulfilled
DASH-2008,2025-04-01T15:49:00Z,FRESH-8LB-BEEF-CHICKEN,subscription,1,127.2,paid,fulfilled
DASH-2009,2025-04-01T16:56:00Z,FRESH-8LB-BEEF-CHICKEN,subscription,2,254.4,paid,fulfilled
DASH-2010,2025-04-01T17:03:00Z,FRESH-8LB-BEEF-CHICKEN,subscription,1,127.2,paid,fulfilled
DASH-2011,2025-04-01T08:10:00Z,FRESH-8LB-BEEF-CHICKEN,trial,1,34.5,paid,fulfilled
DASH-2012,2025-04-01T09:17:00Z,FRESH-8LB-BEEF-CHICKEN,trial,1,34.5,paid,fulfilled
DASH-2013,2025-04-01T10:24:00Z,FRESH-8LB-BEEF-CHICKEN,trial,1,34.5,paid,fulfilled
DASH-2014,2025-04-01T11:31:00Z,FRESH-8LB-BEEF-CHICKEN,subscription,1,127.2,paid,fulfilled
DASH-2015,2025-04-01T12:38:00Z,FRESH-8LB-BEEF-CHICKEN,subscription,1,127.2,paid,fulfilled
DASH-2016,2025-04-01T13:45:00Z,FRESH-8LB-BEEF-CHICKEN,subscription,1,127.2,paid,fulfilled
DASH-2017,2025-04-01T14:52:00Z,FRESH-8LB-BEEF-CHICKEN,subscription,1,127.2,paid,fulfilled
DASH-2018,2025-04-01T15:59:00Z,FRESH-8LB-BEEF-CHICKEN,subscription,2,254.4,paid,fulfilled
DASH-2019,2025-04-01T16:06:00Z,FRESH-8LB-BEEF-CHICKEN,subscription,1,127.2,paid,fulfilled
DASH-2020,2025-04-01T17:13:00Z,FRESH-8LB-BEEF-CHICKEN,subscription,1,127.2,paid,fulfilled
DASH-2021,2025-04-01T08:20:00Z,FRESH-8LB-BEEF-CHICKEN,trial,1,34.5,paid,fulfilled
DASH-2022,2025-04-01T09:27:00Z,FRESH-8LB-BEEF-CHICKEN,trial,1,34.5,paid,fulfilled
DASH-2023,2025-04-01T10:34:00Z,FRESH-8LB-BEEF-CHICKEN,trial,1,34.5,paid,fulfilled
DASH-2024,2025-04-01T11:41:00Z,FRESH-8LB-BEEF-CHICKEN,subscription,1,127.2,paid,fulfilled
DASH-2025,2025-04-01T12:48:00Z,FRESH-8LB-BEEF-CHICKEN,subscription,1,127.2,paid,fulfilled
DASH-2026,2025-04-01T13:55:00Z,FRESH-8LB-BEEF-CHICKEN,subscription,1,127.2,paid,fulfilled
DASH-2027,2025-04-01T14:02:00Z,FRESH-8LB-BEEF-CHICKEN,subscription,2,254.4,paid,fulfilled
DASH-2028,2025-04-01T15:09:00Z,FRESH-8LB-BEEF-CHICKEN,subscription,1,127.2,paid,fulfilled
DASH-2029,2025-04-01T16:16:00Z,FRESH-8LB-BEEF-CHICKEN,subscription,1,127.2,paid,fulfilled
DASH-2030,2025-04-01T17:23:00Z,FRESH-8LB-BEEF-CHICKEN,subscription,1,127.2,paid,fulfilled
DASH-2031,2025-04-01T08:30:00Z,FRESH-8LB-BEEF-CHICKEN,trial,1,34.5,paid,fulfilled
DASH-2032,2025-04-01T09:37:00Z,FRESH-8LB-BEEF-CHICKEN,trial,1,34.5,paid,fulfilled
DASH-2033,2025-04-01T10:44:00Z,FRESH-8LB-BEEF-CHICKEN,trial,1,34.5,paid,fulfilled
DASH-2034,2025-04-01T11:51:00Z,FRESH-8LB-BEEF-CHICKEN,subscription,1,127.2,paid,fulfilled
DASH-2035,2025-04-01T12:58:00Z,FRESH-8LB-BEEF-CHICKEN,subscription,1,127.2,paid,fulfilled
DASH-2036,2025-04-01T13:05:00Z,FRESH-8LB-BEEF-CHICKEN,subscription,2,254.4,paid,fulfilled
DASH-2037,2025-04-01T14:12:00Z,FRESH-8LB-BEEF-CHICKEN,subscription,1,127.2,paid,fulfilled
DASH-2038,2025-04-01T15:19:00Z,FRESH-8LB-BEEF-CHICKEN,subscription,1,127.2,paid,fulfilled
DASH-2039,2025-04-01T16:26:00Z,FRESH-8LB-BEEF-CHICKEN,subscription,1,127.2,paid,fulfilled
DASH-2040,2025-04-01T17:33:00Z,FRESH-8LB-BEEF-CHICKEN,subscription,1,127.2,paid,fulfilled
DASH-2041,2025-04-01T08:40:00Z,FRESH-8LB-BEEF-CHICKEN,trial,1,34.5,paid,fulfilled
DASH-2042,2025-04-01T09:47:00Z,FRESH-8LB-BEEF-CHICKEN,trial,1,34.5,paid,fulfilled
DASH-2043,2025-04-01T10:54:00Z,FRESH-8LB-BEEF-CHICKEN,trial,1,34.5,paid,fulfilled
DASH-2044,2025-04-01T11:01:00Z,FRESH-8LB-BEEF-CHICKEN,subscription,1,127.2,paid,fulfilled
DASH-2045,2025-04-01T12:08:00Z,FRESH-8LB-BEEF-CHICKEN,subscription,2,254.4,paid,fulfilled
DASH-2046,2025-04-01T13:15:00Z,FRESH-8LB-BEEF-CHICKEN,subscription,1,127.2,paid,fulfilled
DASH-2047,2025-04-01T14:22:00Z,FRESH-8LB-BEEF-CHICKEN,subscription,1,127.2,paid,fulfilled
DASH-2048,2025-04-01T15:29:00Z,FRESH-8LB-BEEF-CHICKEN,subscription,1,127.2,paid,fulfilled
DASH-2049,2025-04-01T16:36:00Z,FRESH-8LB-BEEF-CHICKEN,subscription,1,127.2,paid,fulfilled
DASH-2050,2025-04-01T17:43:00Z,FRESH-8LB-BEEF-CHICKEN,subscription,1,127.2,paid,fulfilled
DASH-2051,2025-04-02T08:00:00Z,FRESH-8LB-BEEF-CHICKEN,trial,1,34.5,paid,fulfilled
DASH-2052,2025-04-02T09:07:00Z,FRESH-8LB-BEEF-CHICKEN,trial,1,34.5,paid,fulfilled
DASH-2053,2025-04-02T10:14:00Z,FRESH-8LB-BEEF-CHICKEN,trial,1,34.5,paid,fulfilled
DASH-2054,2025-04-02T11:21:00Z,FRESH-8LB-BEEF-CHICKEN,subscription,1,127.2,paid,fulfilled
DASH-2055,2025-04-02T12:28:00Z,FRESH-8LB-BEEF-CHICKEN,subscription,1,127.2,paid,fulfilled
DASH-2056,2025-04-02T13:35:00Z,FRESH-8LB-BEEF-CHICKEN,subscription,1,127.2,paid,fulfilled
DASH-2057,2025-04-02T14:42:00Z,FRESH-8LB-BEEF-CHICKEN,subscription,1,127.2,paid,fulfilled
DASH-2058,2025-04-02T15:49:00Z,FRESH-8LB-BEEF-CHICKEN,subscription,2,254.4,paid,fulfilled
DASH-2059,2025-04-02T16:56:00Z,FRESH-8LB-BEEF-CHICKEN,subscription,1,127.2,paid,fulfilled
DASH-2060,2025-04-02T17:03:00Z,FRESH-8LB-BEEF-CHICKEN,subscription,1,127.2,paid,fulfilled
DASH-2061,2025-04-02T08:10:00Z,FRESH-8LB-BEEF-CHICKEN,trial,1,34.5,paid,fulfilled
DASH-2062,2025-04-02T09:17:00Z,FRESH-8LB-BEEF-CHICKEN,trial,1,34.5,paid,fulfilled
DASH-2063,2025-04-02T10:24:00Z,FRESH-8LB-BEEF-CHICKEN,trial,1,34.5,paid,fulfilled
DASH-2064,2025-04-02T11:31:00Z,FRESH-8LB-BEEF-CHICKEN,subscription,1,127.2,paid,fulfilled
DASH-2065,2025-04-02T12:38:00Z,FRESH-8LB-BEEF-CHICKEN,subscription,1,127.2,paid,fulfilled
DASH-2066,2025-04-02T13:45:00Z,FRESH-8LB-BEEF-CHICKEN,subscription,1,127.2,paid,fulfilled
DASH-2067,2025-04-02T14:52:00Z,FRESH-8LB-BEEF-CHICKEN,subscription,2,254.4,paid,fulfilled
DASH-2068,2025-04-02T15:59:00Z,FRESH-8LB-BEEF-CHICKEN,subscription,1,127.2,paid,fulfilled
DASH-2069,2025-04-02T16:06:00Z,FRESH-8LB-BEEF-CHICKEN,subscription,1,127.2,paid,fulfilled
DASH-2070,2025-04-02T17:13:00Z,FRESH-8LB-BEEF-CHICKEN,subscription,1,127.2,paid,fulfilled
DASH-2071,2025-04-02T08:20:00Z,FRESH-8LB-BEEF-CHICKEN,trial,1,34.5,paid,fulfilled
DASH-2072,2025-04-02T09:27:00Z,FRESH-8LB-BEEF-CHICKEN,trial,1,34.5,paid,fulfilled
DASH-2073,2025-04-02T10:34:00Z,FRESH-8LB-BEEF-CHICKEN,trial,1,34.5,paid,fulfilled
DASH-2074,2025-04-02T11:41:00Z,FRESH-8LB-BEEF-CHICKEN,subscription,1,127.2,paid,fulfilled
DASH-2075,2025-04-02T12:48:00Z,FRESH-8LB-BEEF-CHICKEN,subscription,1,127.2,paid,fulfilled
DASH-2076,2025-04-02T13:55:00Z,FRESH-8LB-BEEF-CHICKEN,subscription,2,254.4,paid,fulfilled
DASH-2077,2025-04-02T14:02:00Z,FRESH-8LB-BEEF-CHICKEN,subscription,1,127.2,paid,fulfilled
DASH-2078,2025-04-02T15:09:00Z,FRESH-8LB-BEEF-CHICKEN,subscription,1,127.2,paid,fulfilled
DASH-2079,2025-04-02T16:16:00Z,FRESH-8LB-BEEF-CHICKEN,subscription,1,127.2,paid,fulfilled
DASH-2080,2025-04-02T17:23:00Z,FRESH-8LB-BEEF-CHICKEN,subscription,1,127.2,paid,fulfilled
DASH-2081,2025-04-02T08:30:00Z,FRESH-8LB-BEEF-CHICKEN,trial,1,34.5,paid,fulfilled
DASH-2082,2025-04-02T09:37:00Z,FRESH-8LB-BEEF-CHICKEN,trial,1,34.5,paid,fulfilled
DASH-2083,2025-04-02T10:44:00Z,FRESH-8LB-BEEF-CHICKEN,trial,1,34.5,paid,fulfilled
DASH-2084,2025-04-02T11:51:00Z,FRESH-8LB-BEEF-CHICKEN,subscription,1,127.2,paid,fulfilled
DASH-2085,2025-04-02T12:58:00Z,FRESH-8LB-BEEF-CHICKEN,subscription,2,254.4,paid,fulfilled
DASH-2086,2025-04-02T13:05:00Z,FRESH-8LB-BEEF-CHICKEN,subscription,1,127.2,paid,fulfilled
DASH-2087,2025-04-02T14:12:00Z,FRESH-8LB-BEEF-CHICKEN,subscription,1,127.2,paid,fulfilled
DASH-2088,2025-04-02T15:19:00Z,FRESH-8LB-BEEF-CHICKEN,subscription,1,127.2,paid,fulfilled
DASH-2089,2025-04-02T16:26:00Z,FRESH-8LB-BEEF-CHICKEN,subscription,1,127.2,paid,fulfilled
DASH-2090,2025-04-02T17:33:00Z,FRESH-8LB-BEEF-CHICKEN,subscription,1,127.2,paid,fulfilled
DASH-2091,2025-04-02T08:40:00Z,FRESH-8LB-BEEF-CHICKEN,trial,1,34.5,paid,fulfilled
DASH-2092,2025-04-02T09:47:00Z,FRESH-8LB-BEEF-CHICKEN,trial,1,34.5,paid,fulfilled
DASH-2093,2025-04-02T10:54:00Z,FRESH-8LB-BEEF-CHICKEN,trial,1,34.5,paid,fulfilled
DASH-2094,2025-04-02T11:01:00Z,FRESH-8LB-BEEF-CHICKEN,subscription,2,254.4,paid,fulfilled
DASH-2095,2025-04-02T12:08:00Z,FRESH-8LB-BEEF-CHICKEN,subscription,1,127.2,paid,fulfilled
DASH-2096,2025-04-02T13:15:00Z,FRESH-8LB-BEEF-CHICKEN,subscription,1,127.2,paid,fulfilled
DASH-2097,2025-04-02T14:22:00Z,FRESH-8LB-BEEF-CHICKEN,subscription,1,127.2,paid,fulfilled
DASH-2098,2025-04-02T15:29:00Z,FRESH-8LB-BEEF-CHICKEN,subscription,1,127.2,paid,fulfilled
DASH-2099,2025-04-02T16:36:00Z,FRESH-8LB-BEEF-CHICKEN,subscription,1,127.2,paid,fulfilled
DASH-2100,2025-04-02T17:43:00Z,FRESH-8LB-BEEF-CHICKEN,subscription,1,127.2,paid,fulfilled
DASH-2101,2025-04-03T08:00:00Z,FRESH-8LB-BEEF-CHICKEN,trial,1,34.5,paid,fulfilled
DASH-2102,2025-04-03T09:07:00Z,FRESH-8LB-BEEF-CHICKEN,trial,1,34.5,paid,fulfilled
DASH-2103,2025-04-03T10:14:00Z,FRESH-8LB-BEEF-CHICKEN,trial,1,34.5,paid,fulfilled
DASH-2104,2025-04-03T11:21:00Z,FRESH-8LB-BEEF-CHICKEN,subscription,1,127.2,paid,fulfilled
DASH-2105,2025-04-03T12:28:00Z,FRESH-8LB-BEEF-CHICKEN,subscription,1,127.2,paid,fulfilled
DASH-2106,2025-04-03T13:35:00Z,FRESH-8LB-BEEF-CHICKEN,subscription,1,127.2,paid,fulfilled
DASH-2107,2025-04-03T14:42:00Z,FRESH-8LB-BEEF-CHICKEN,subscription,2,254.4,paid,fulfilled
DASH-2108,2025-04-03T15:49:00Z,FRESH-8LB-BEEF-CHICKEN,subscription,1,127.2,paid,fulfilled
DASH-2109,2025-04-03T16:56:00Z,FRESH-8LB-BEEF-CHICKEN,subscription,1,127.2,paid,fulfilled
DASH-2110,2025-04-03T17:03:00Z,FRESH-8LB-BEEF-CHICKEN,subscription,1,127.2,paid,fulfilled
DASH-2111,2025-04-03T08:10:00Z,FRESH-8LB-BEEF-CHICKEN,trial,1,34.5,paid,fulfilled
DASH-2112,2025-04-03T09:17:00Z,FRESH-8LB-BEEF-CHICKEN,trial,1,34.5,paid,fulfilled
DASH-2113,2025-04-03T10:24:00Z,FRESH-8LB-BEEF-CHICKEN,trial,1,34.5,paid,fulfilled
DASH-2114,2025-04-03T11:31:00Z,FRESH-8LB-BEEF-CHICKEN,subscription,1,127.2,paid,fulfilled
DASH-2115,2025-04-03T12:38:00Z,FRESH-8LB-BEEF-CHICKEN,subscription,1,127.2,paid,fulfilled
DASH-2116,2025-04-03T13:45:00Z,FRESH-8LB-BEEF-CHICKEN,subscription,2,254.4,paid,fulfilled
DASH-2117,2025-04-03T14:52:00Z,FRESH-8LB-BEEF-CHICKEN,subscription,1,127.2,paid,fulfilled
DASH-2118,2025-04-03T15:59:00Z,FRESH-8LB-BEEF-CHICKEN,subscription,1,127.2,paid,fulfilled
DASH-2119,2025-04-03T16:06:00Z,FRESH-8LB-BEEF-CHICKEN,subscription,1,127.2,paid,fulfilled
DASH-2120,2025-04-03T17:13:00Z,FRESH-8LB-BEEF-CHICKEN,subscription,1,127.2,paid,fulfilled
DASH-2121,2025-04-03T08:20:00Z,FRESH-8LB-BEEF-CHICKEN,trial,1,34.5,paid,fulfilled
DASH-2122,2025-04-03T09:27:00Z,FRESH-8LB-BEEF-CHICKEN,trial,1,34.5,paid,fulfilled
DASH-2123,2025-04-03T10:34:00Z,FRESH-8LB-BEEF-CHICKEN,trial,1,34.5,paid,fulfilled
DASH-2124,2025-04-03T11:41:00Z,FRESH-8LB-BEEF-CHICKEN,subscription,1,127.2,paid,fulfilled
DASH-2125,2025-04-03T12:48:00Z,FRESH-8LB-BEEF-CHICKEN,subscription,2,254.4,paid,fulfilled
DASH-2126,2025-04-03T13:55:00Z,FRESH-8LB-BEEF-CHICKEN,subscription,1,127.2,paid,fulfilled
DASH-2127,2025-04-03T14:02:00Z,FRESH-8LB-BEEF-CHICKEN,subscription,1,127.2,paid,fulfilled
DASH-2128,2025-04-03T15:09:00Z,FRESH-8LB-BEEF-CHICKEN,subscription,1,127.2,paid,fulfilled
DASH-2129,2025-04-03T16:16:00Z,FRESH-8LB-BEEF-CHICKEN,subscription,1,127.2,paid,fulfilled
DASH-2130,2025-04-03T17:23:00Z,FRESH-8LB-BEEF-CHICKEN,subscription,1,127.2,paid,fulfilled
DASH-2131,2025-04-03T08:30:00Z,FRESH-8LB-BEEF-CHICKEN,trial,1,34.5,paid,fulfilled
DASH-2132,2025-04-03T09:37:00Z,FRESH-8LB-BEEF-CHICKEN,trial,1,34.5,paid,fulfilled
DASH-2133,2025-04-03T10:44:00Z,FRESH-8LB-BEEF-CHICKEN,trial,1,34.5,paid,fulfilled
DASH-2134,2025-04-03T11:51:00Z,FRESH-8LB-BEEF-CHICKEN,subscription,2,254.4,paid,fulfilled
DASH-2135,2025-04-03T12:58:00Z,FRESH-8LB-BEEF-CHICKEN,subscription,1,127.2,paid,fulfilled
DASH-2136,2025-04-03T13:05:00Z,FRESH-8LB-BEEF-CHICKEN,subscription,1,127.2,paid,fulfilled
DASH-2137,2025-04-03T14:12:00Z,FRESH-8LB-BEEF-CHICKEN,subscription,1,127.2,paid,fulfilled
DASH-2138,2025-04-03T15:19:00Z,FRESH-8LB-BEEF-CHICKEN,subscription,1,127.2,paid,fulfilled
DASH-2139,2025-04-03T16:26:00Z,FRESH-8LB-BEEF-CHICKEN,subscription,1,127.2,paid,fulfilled
DASH-2140,2025-04-03T17:33:00Z,FRESH-8LB-BEEF-CHICKEN,subscription,1,127.2,paid,fulfilled
DASH-2141,2025-04-03T08:40:00Z,FRESH-8LB-BEEF-CHICKEN,trial,1,34.5,paid,fulfilled
DASH-2142,2025-04-03T09:47:00Z,FRESH-8LB-BEEF-CHICKEN,trial,1,34.5,paid,fulfilled
DASH-2143,2025-04-03T10:54:00Z,FRESH-8LB-BEEF-CHICKEN,trial,1,34.5,paid,fulfilled
DASH-2144,2025-04-03T11:01:00Z,FRESH-8LB-BEEF-CHICKEN,subscription,1,127.2,paid,fulfilled
DASH-2145,2025-04-03T12:08:00Z,FRESH-8LB-BEEF-CHICKEN,subscription,1,127.2,paid,fulfilled
DASH-2146,2025-04-03T13:15:00Z,FRESH-8LB-BEEF-CHICKEN,subscription,1,127.2,paid,fulfilled
DASH-2147,2025-04-03T14:22:00Z,FRESH-8LB-BEEF-CHICKEN,subscription,1,127.2,paid,fulfilled
DASH-2148,2025-04-03T15:29:00Z,FRESH-8LB-BEEF-CHICKEN,subscription,1,127.2,paid,fulfilled
DASH-2149,2025-04-03T16:36:00Z,FRESH-8LB-BEEF-CHICKEN,subscription,1,127.2,paid,fulfilled
DASH-2150,2025-04-03T17:43:00Z,FRESH-8LB-BEEF-CHICKEN,subscription,1,127.2,paid,fulfilled
DASH-2151,2025-04-04T08:00:00Z,FRESH-8LB-BEEF-CHICKEN,trial,1,34.5,paid,fulfilled
DASH-2152,2025-04-04T09:07:00Z,FRESH-8LB-BEEF-CHICKEN,trial,1,34.5,paid,fulfilled
DASH-2153,2025-04-04T10:14:00Z,FRESH-8LB-BEEF-CHICKEN,trial,1,34.5,paid,fulfilled
DASH-2154,2025-04-04T11:21:00Z,FRESH-8LB-BEEF-CHICKEN,subscription,1,127.2,paid,fulfilled
DASH-2155,2025-04-04T12:28:00Z,FRESH-8LB-BEEF-CHICKEN,subscription,1,127.2,paid,fulfilled
DASH-2156,2025-04-04T13:35:00Z,FRESH-8LB-BEEF-CHICKEN,subscription,2,254.4,paid,fulfilled
DASH-2157,2025-04-04T14:42:00Z,FRESH-8LB-BEEF-CHICKEN,subscription,1,127.2,paid,fulfilled
DASH-2158,2025-04-04T15:49:00Z,FRESH-8LB-BEEF-CHICKEN,subscription,1,127.2,paid,fulfilled
DASH-2159,2025-04-04T16:56:00Z,FRESH-8LB-BEEF-CHICKEN,subscription,1,127.2,paid,fulfilled
DASH-2160,2025-04-04T17:03:00Z,FRESH-8LB-BEEF-CHICKEN,subscription,1,127.2,paid,fulfilled
DASH-2161,2025-04-04T08:10:00Z,FRESH-8LB-BEEF-CHICKEN,trial,1,34.5,paid,fulfilled
DASH-2162,2025-04-04T09:17:00Z,FRESH-8LB-BEEF-CHICKEN,trial,1,34.5,paid,fulfilled
DASH-2163,2025-04-04T10:24:00Z,FRESH-8LB-BEEF-CHICKEN,trial,1,34.5,paid,fulfilled
DASH-2164,2025-04-04T11:31:00Z,FRESH-8LB-BEEF-CHICKEN,subscription,1,127.2,paid,fulfilled
DASH-2165,2025-04-04T12:38:00Z,FRESH-8LB-BEEF-CHICKEN,subscription,2,254.4,paid,fulfilled
DASH-2166,2025-04-04T13:45:00Z,FRESH-8LB-BEEF-CHICKEN,subscription,1,127.2,paid,fulfilled
DASH-2167,2025-04-04T14:52:00Z,FRESH-8LB-BEEF-CHICKEN,subscription,1,127.2,paid,fulfilled
DASH-2168,2025-04-04T15:59:00Z,FRESH-8LB-BEEF-CHICKEN,subscription,1,127.2,paid,fulfilled
DASH-2169,2025-04-04T16:06:00Z,FRESH-8LB-BEEF-CHICKEN,subscription,1,127.2,paid,fulfilled
DASH-2170,2025-04-04T17:13:00Z,FRESH-8LB-BEEF-CHICKEN,subscription,1,127.2,paid,fulfilled
DASH-2171,2025-04-04T08:20:00Z,FRESH-8LB-BEEF-CHICKEN,trial,1,34.5,paid,fulfilled
DASH-2172,2025-04-04T09:27:00Z,FRESH-8LB-BEEF-CHICKEN,trial,1,34.5,paid,fulfilled
DASH-2173,2025-04-04T10:34:00Z,FRESH-8LB-BEEF-CHICKEN,trial,1,34.5,paid,fulfilled
DASH-2174,2025-04-04T11:41:00Z,FRESH-8LB-BEEF-CHICKEN,subscription,2,254.4,paid,fulfilled
DASH-2175,2025-04-04T12:48:00Z,FRESH-8LB-BEEF-CHICKEN,subscription,1,127.2,paid,fulfilled
DASH-2176,2025-04-04T13:55:00Z,FRESH-8LB-BEEF-CHICKEN,subscription,1,127.2,paid,fulfilled
DASH-2177,2025-04-04T14:02:00Z,FRESH-8LB-BEEF-CHICKEN,subscription,1,127.2,paid,fulfilled
DASH-2178,2025-04-04T15:09:00Z,FRESH-8LB-BEEF-CHICKEN,subscription,1,127.2,paid,fulfilled
DASH-2179,2025-04-04T16:16:00Z,FRESH-8LB-BEEF-CHICKEN,subscription,1,127.2,paid,fulfilled
DASH-2180,2025-04-04T17:23:00Z,FRESH-8LB-BEEF-CHICKEN,subscription,1,127.2,paid,fulfilled
DASH-2181,2025-04-04T08:30:00Z,FRESH-8LB-BEEF-CHICKEN,trial,1,34.5,paid,fulfilled
DASH-2182,2025-04-04T09:37:00Z,FRESH-8LB-BEEF-CHICKEN,trial,1,34.5,paid,fulfilled
DASH-2183,2025-04-04T10:44:00Z,FRESH-8LB-BEEF-CHICKEN,trial,1,34.5,paid,fulfilled
DASH-2184,2025-04-04T11:51:00Z,FRESH-8LB-BEEF-CHICKEN,subscription,1,127.2,paid,fulfilled
DASH-2185,2025-04-04T12:58:00Z,FRESH-8LB-BEEF-CHICKEN,subscription,1,127.2,paid,fulfilled
DASH-2186,2025-04-04T13:05:00Z,FRESH-8LB-BEEF-CHICKEN,subscription,1,127.2,paid,fulfilled
DASH-2187,2025-04-04T14:12:00Z,FRESH-8LB-BEEF-CHICKEN,subscription,1,127.2,paid,fulfilled
DASH-2188,2025-04-04T15:19:00Z,FRESH-8LB-BEEF-CHICKEN,subscription,1,127.2,paid,fulfilled
DASH-2189,2025-04-04T16:26:00Z,FRESH-8LB-BEEF-CHICKEN,subscription,1,127.2,paid,fulfilled
DASH-2190,2025-04-04T17:33:00Z,FRESH-8LB-BEEF-CHICKEN,subscription,1,127.2,paid,fulfilled
DASH-2191,2025-04-04T08:40:00Z,FRESH-8LB-BEEF-CHICKEN,trial,1,34.5,paid,fulfilled
DASH-2192,2025-04-04T09:47:00Z,FRESH-8LB-BEEF-CHICKEN,trial,1,34.5,paid,fulfilled
DASH-2193,2025-04-04T10:54:00Z,FRESH-8LB-BEEF-CHICKEN,trial,1,34.5,paid,fulfilled
DASH-2194,2025-04-04T11:01:00Z,FRESH-8LB-BEEF-CHICKEN,subscription,1,127.2,paid,fulfilled
DASH-2195,2025-04-04T12:08:00Z,FRESH-8LB-BEEF-CHICKEN,subscription,1,127.2,paid,fulfilled
DASH-2196,2025-04-04T13:15:00Z,FRESH-8LB-BEEF-CHICKEN,subscription,1,127.2,paid,fulfilled
DASH-2197,2025-04-04T14:22:00Z,FRESH-8LB-BEEF-CHICKEN,subscription,1,127.2,paid,fulfilled
DASH-2198,2025-04-04T15:29:00Z,FRESH-8LB-BEEF-CHICKEN,subscription,1,127.2,paid,fulfilled
DASH-2199,2025-04-04T16:36:00Z,FRESH-8LB-BEEF-CHICKEN,subscription,1,127.2,paid,fulfilled
DASH-2200,2025-04-04T17:43:00Z,FRESH-8LB-BEEF-CHICKEN,subscription,1,127.2,paid,fulfilled
DASH-2201,2025-04-05T08:00:00Z,FRESH-8LB-BEEF-CHICKEN,trial,1,34.5,paid,fulfilled
DASH-2202,2025-04-05T09:07:00Z,FRESH-8LB-BEEF-CHICKEN,trial,1,34.5,paid,fulfilled
DASH-2203,2025-04-05T10:14:00Z,FRESH-8LB-BEEF-CHICKEN,trial,1,34.5,paid,fulfilled
DASH-2204,2025-04-05T11:21:00Z,FRESH-8LB-BEEF-CHICKEN,subscription,1,127.2,paid,fulfilled
DASH-2205,2025-04-05T12:28:00Z,FRESH-8LB-BEEF-CHICKEN,subscription,2,254.4,paid,fulfilled
DASH-2206,2025-04-05T13:35:00Z,FRESH-8LB-BEEF-CHICKEN,subscription,1,127.2,paid,fulfilled
DASH-2207,2025-04-05T14:42:00Z,FRESH-8LB-BEEF-CHICKEN,subscription,1,127.2,paid,fulfilled
DASH-2208,2025-04-05T15:49:00Z,FRESH-8LB-BEEF-CHICKEN,subscription,1,127.2,paid,fulfilled
DASH-2209,2025-04-05T16:56:00Z,FRESH-8LB-BEEF-CHICKEN,subscription,1,127.2,paid,fulfilled
DASH-2210,2025-04-05T17:03:00Z,FRESH-8LB-BEEF-CHICKEN,subscription,1,127.2,paid,fulfilled
DASH-2211,2025-04-05T08:10:00Z,FRESH-8LB-BEEF-CHICKEN,trial,1,34.5,paid,fulfilled
DASH-2212,2025-04-05T09:17:00Z,FRESH-8LB-BEEF-CHICKEN,trial,1,34.5,paid,fulfilled
DASH-2213,2025-04-05T10:24:00Z,FRESH-8LB-BEEF-CHICKEN,trial,1,34.5,paid,fulfilled
DASH-2214,2025-04-05T11:31:00Z,FRESH-8LB-BEEF-CHICKEN,subscription,2,254.4,paid,fulfilled
DASH-2215,2025-04-05T12:38:00Z,FRESH-8LB-BEEF-CHICKEN,subscription,1,127.2,paid,fulfilled
DASH-2216,2025-04-05T13:45:00Z,FRESH-8LB-BEEF-CHICKEN,subscription,1,127.2,paid,fulfilled
DASH-2217,2025-04-05T14:52:00Z,FRESH-8LB-BEEF-CHICKEN,subscription,1,127.2,paid,fulfilled
DASH-2218,2025-04-05T15:59:00Z,FRESH-8LB-BEEF-CHICKEN,subscription,1,127.2,paid,fulfilled
DASH-2219,2025-04-05T16:06:00Z,FRESH-8LB-BEEF-CHICKEN,subscription,1,127.2,paid,fulfilled
DASH-2220,2025-04-05T17:13:00Z,FRESH-8LB-BEEF-CHICKEN,subscription,1,127.2,paid,fulfilled
DASH-2221,2025-04-05T08:20:00Z,FRESH-8LB-BEEF-CHICKEN,trial,1,34.5,paid,fulfilled
DASH-2222,2025-04-05T09:27:00Z,FRESH-8LB-BEEF-CHICKEN,trial,1,34.5,paid,fulfilled
DASH-2223,2025-04-05T10:34:00Z,FRESH-8LB-BEEF-CHICKEN,trial,1,34.5,paid,fulfilled
DASH-2224,2025-04-05T11:41:00Z,FRESH-8LB-BEEF-CHICKEN,subscription,1,127.2,paid,fulfilled
DASH-2225,2025-04-05T12:48:00Z,FRESH-8LB-BEEF-CHICKEN,subscription,1,127.2,paid,fulfilled
DASH-2226,2025-04-05T13:55:00Z,FRESH-8LB-BEEF-CHICKEN,subscription,1,127.2,paid,fulfilled
DASH-2227,2025-04-05T14:02:00Z,FRESH-8LB-BEEF-CHICKEN,subscription,1,127.2,paid,fulfilled
DASH-2228,2025-04-05T15:09:00Z,FRESH-8LB-BEEF-CHICKEN,subscription,1,127.2,paid,fulfilled
DASH-2229,2025-04-05T16:16:00Z,FRESH-8LB-BEEF-CHICKEN,subscription,1,127.2,paid,fulfilled
DASH-2230,2025-04-05T17:23:00Z,FRESH-8LB-BEEF-CHICKEN,subscription,1,127.2,paid,fulfilled
DASH-2231,2025-04-05T08:30:00Z,FRESH-8LB-BEEF-CHICKEN,trial,1,34.5,paid,fulfilled
DASH-2232,2025-04-05T09:37:00Z,FRESH-8LB-BEEF-CHICKEN,trial,1,34.5,paid,fulfilled
DASH-2233,2025-04-05T10:44:00Z,FRESH-8LB-BEEF-CHICKEN,trial,1,34.5,paid,fulfilled
DASH-2234,2025-04-05T11:51:00Z,FRESH-8LB-BEEF-CHICKEN,subscription,1,127.2,paid,fulfilled
DASH-2235,2025-04-05T12:58:00Z,FRESH-8LB-BEEF-CHICKEN,subscription,1,127.2,paid,fulfilled
DASH-2236,2025-04-05T13:05:00Z,FRESH-8LB-BEEF-CHICKEN,subscription,1,127.2,paid,fulfilled
DASH-2237,2025-04-05T14:12:00Z,FRESH-8LB-BEEF-CHICKEN,subscription,1,127.2,paid,fulfilled
DASH-2238,2025-04-05T15:19:00Z,FRESH-8LB-BEEF-CHICKEN,subscription,1,127.2,paid,fulfilled
DASH-2239,2025-04-05T16:26:00Z,FRESH-8LB-BEEF-CHICKEN,subscription,1,127.2,paid,fulfilled
DASH-2240,2025-04-05T17:33:00Z,FRESH-8LB-BEEF-CHICKEN,subscription,1,127.2,paid,fulfilled
DASH-2241,2025-04-05T08:40:00Z,FRESH-8LB-BEEF-CHICKEN,trial,1,34.5,paid,fulfilled
DASH-2242,2025-04-05T09:47:00Z,FRESH-8LB-BEEF-CHICKEN,trial,1,34.5,paid,fulfilled
DASH-2243,2025-04-05T10:54:00Z,FRESH-8LB-BEEF-CHICKEN,trial,1,34.5,paid,fulfilled
DASH-2244,2025-04-05T11:01:00Z,FRESH-8LB-BEEF-CHICKEN,subscription,1,127.2,paid,fulfilled
DASH-2245,2025-04-05T12:08:00Z,FRESH-8LB-BEEF-CHICKEN,subscription,1,127.2,paid,fulfilled
DASH-2246,2025-04-05T13:15:00Z,FRESH-8LB-BEEF-CHICKEN,subscription,1,127.2,paid,fulfilled
DASH-2247,2025-04-05T14:22:00Z,FRESH-8LB-BEEF-CHICKEN,subscription,1,127.2,paid,fulfilled
DASH-2248,2025-04-05T15:29:00Z,FRESH-8LB-BEEF-CHICKEN,subscription,1,127.2,paid,fulfilled
DASH-2249,2025-04-05T16:36:00Z,FRESH-8LB-BEEF-CHICKEN,subscription,1,127.2,paid,fulfilled
DASH-2250,2025-04-05T17:43:00Z,FRESH-8LB-BEEF-CHICKEN,subscription,2,254.4,paid,fulfilled
DASH-2251,2025-04-06T08:00:00Z,FRESH-8LB-BEEF-CHICKEN,trial,1,34.5,paid,fulfilled
DASH-2252,2025-04-06T09:07:00Z,FRESH-8LB-BEEF-CHICKEN,trial,1,34.5,paid,fulfilled
DASH-2253,2025-04-06T10:14:00Z,FRESH-8LB-BEEF-CHICKEN,trial,1,34.5,paid,fulfilled
DASH-2254,2025-04-06T11:21:00Z,FRESH-8LB-BEEF-CHICKEN,subscription,2,254.4,paid,fulfilled
DASH-2255,2025-04-06T12:28:00Z,FRESH-8LB-BEEF-CHICKEN,subscription,1,127.2,paid,fulfilled
DASH-2256,2025-04-06T13:35:00Z,FRESH-8LB-BEEF-CHICKEN,subscription,1,127.2,paid,fulfilled
DASH-2257,2025-04-06T14:42:00Z,FRESH-8LB-BEEF-CHICKEN,subscription,1,127.2,paid,fulfilled
DASH-2258,2025-04-06T15:49:00Z,FRESH-8LB-BEEF-CHICKEN,subscription,1,127.2,paid,fulfilled
DASH-2259,2025-04-06T16:56:00Z,FRESH-8LB-BEEF-CHICKEN,subscription,1,127.2,paid,fulfilled
DASH-2260,2025-04-06T17:03:00Z,FRESH-8LB-BEEF-CHICKEN,subscription,1,127.2,paid,fulfilled
DASH-2261,2025-04-06T08:10:00Z,FRESH-8LB-BEEF-CHICKEN,trial,1,34.5,paid,fulfilled
DASH-2262,2025-04-06T09:17:00Z,FRESH-8LB-BEEF-CHICKEN,trial,1,34.5,paid,fulfilled
DASH-2263,2025-04-06T10:24:00Z,FRESH-8LB-BEEF-CHICKEN,trial,1,34.5,paid,fulfilled
DASH-2264,2025-04-06T11:31:00Z,FRESH-8LB-BEEF-CHICKEN,subscription,1,127.2,paid,fulfilled
DASH-2265,2025-04-06T12:38:00Z,FRESH-8LB-BEEF-CHICKEN,subscription,1,127.2,paid,fulfilled
DASH-2266,2025-04-06T13:45:00Z,FRESH-8LB-BEEF-CHICKEN,subscription,1,127.2,paid,fulfilled
DASH-2267,2025-04-06T14:52:00Z,FRESH-8LB-BEEF-CHICKEN,subscription,1,127.2,paid,fulfilled
DASH-2268,2025-04-06T15:59:00Z,FRESH-8LB-BEEF-CHICKEN,subscription,1,127.2,paid,fulfilled
DASH-2269,2025-04-06T16:06:00Z,FRESH-8LB-BEEF-CHICKEN,subscription,1,127.2,paid,fulfilled
DASH-2270,2025-04-06T17:13:00Z,FRESH-8LB-BEEF-CHICKEN,subscription,1,127.2,paid,fulfilled
DASH-2271,2025-04-06T08:20:00Z,FRESH-8LB-BEEF-CHICKEN,trial,1,34.5,paid,fulfilled
DASH-2272,2025-04-06T09:27:00Z,FRESH-8LB-BEEF-CHICKEN,trial,1,34.5,paid,fulfilled
DASH-2273,2025-04-06T10:34:00Z,FRESH-8LB-BEEF-CHICKEN,trial,1,34.5,paid,fulfilled
DASH-2274,2025-04-06T11:41:00Z,FRESH-8LB-BEEF-CHICKEN,subscription,1,127.2,paid,fulfilled
DASH-2275,2025-04-06T12:48:00Z,FRESH-8LB-BEEF-CHICKEN,subscription,1,127.2,paid,fulfilled
DASH-2276,2025-04-06T13:55:00Z,FRESH-8LB-BEEF-CHICKEN,subscription,1,127.2,paid,fulfilled
DASH-2277,2025-04-06T14:02:00Z,FRESH-8LB-BEEF-CHICKEN,subscription,1,127.2,paid,fulfilled
DASH-2278,2025-04-06T15:09:00Z,FRESH-8LB-BEEF-CHICKEN,subscription,1,127.2,paid,fulfilled
DASH-2279,2025-04-06T16:16:00Z,FRESH-8LB-BEEF-CHICKEN,subscription,1,127.2,paid,fulfilled
DASH-2280,2025-04-06T17:23:00Z,FRESH-8LB-BEEF-CHICKEN,subscription,1,127.2,paid,fulfilled
DASH-2281,2025-04-06T08:30:00Z,FRESH-8LB-BEEF-CHICKEN,trial,1,34.5,paid,fulfilled
DASH-2282,2025-04-06T09:37:00Z,FRESH-8LB-BEEF-CHICKEN,trial,1,34.5,paid,fulfilled
DASH-2283,2025-04-06T10:44:00Z,FRESH-8LB-BEEF-CHICKEN,trial,1,34.5,paid,fulfilled
DASH-2284,2025-04-06T11:51:00Z,FRESH-8LB-BEEF-CHICKEN,subscription,1,127.2,paid,fulfilled
DASH-2285,2025-04-06T12:58:00Z,FRESH-8LB-BEEF-CHICKEN,subscription,1,127.2,paid,fulfilled
DASH-2286,2025-04-06T13:05:00Z,FRESH-8LB-BEEF-CHICKEN,subscription,1,127.2,paid,fulfilled
DASH-2287,2025-04-06T14:12:00Z,FRESH-8LB-BEEF-CHICKEN,subscription,1,127.2,paid,fulfilled
DASH-2288,2025-04-06T15:19:00Z,FRESH-8LB-BEEF-CHICKEN,subscription,1,127.2,paid,fulfilled
DASH-2289,2025-04-06T16:26:00Z,FRESH-8LB-BEEF-CHICKEN,subscription,1,127.2,paid,fulfilled
DASH-2290,2025-04-06T17:33:00Z,FRESH-8LB-BEEF-CHICKEN,subscription,2,254.4,paid,fulfilled
DASH-2291,2025-04-06T08:40:00Z,FRESH-8LB-BEEF-CHICKEN,trial,1,34.5,paid,fulfilled
DASH-2292,2025-04-06T09:47:00Z,FRESH-8LB-BEEF-CHICKEN,trial,1,34.5,paid,fulfilled
DASH-2293,2025-04-06T10:54:00Z,FRESH-8LB-BEEF-CHICKEN,trial,1,34.5,paid,fulfilled
DASH-2294,2025-04-06T11:01:00Z,FRESH-8LB-BEEF-CHICKEN,subscription,1,127.2,paid,fulfilled
DASH-2295,2025-04-06T12:08:00Z,FRESH-8LB-BEEF-CHICKEN,subscription,1,127.2,paid,fulfilled
DASH-2296,2025-04-06T13:15:00Z,FRESH-8LB-BEEF-CHICKEN,subscription,1,127.2,paid,fulfilled
DASH-2297,2025-04-06T14:22:00Z,FRESH-8LB-BEEF-CHICKEN,subscription,1,127.2,paid,fulfilled
DASH-2298,2025-04-06T15:29:00Z,FRESH-8LB-BEEF-CHICKEN,subscription,1,127.2,paid,fulfilled
DASH-2299,2025-04-06T16:36:00Z,FRESH-8LB-BEEF-CHICKEN,subscription,2,254.4,paid,fulfilled
DASH-2300,2025-04-06T17:43:00Z,FRESH-8LB-BEEF-CHICKEN,subscription,1,127.2,paid,fulfilled
DASH-2301,2025-04-07T08:00:00Z,FRESH-8LB-BEEF-CHICKEN,trial,1,34.5,paid,fulfilled
DASH-2302,2025-04-07T09:07:00Z,FRESH-8LB-BEEF-CHICKEN,trial,1,34.5,paid,fulfilled
DASH-2303,2025-04-07T10:14:00Z,FRESH-8LB-BEEF-CHICKEN,trial,1,34.5,paid,fulfilled
DASH-2304,2025-04-07T11:21:00Z,FRESH-8LB-BEEF-CHICKEN,subscription,1,127.2,paid,fulfilled
DASH-2305,2025-04-07T12:28:00Z,FRESH-8LB-BEEF-CHICKEN,subscription,1,127.2,paid,fulfilled
DASH-2306,2025-04-07T13:35:00Z,FRESH-8LB-BEEF-CHICKEN,subscription,1,127.2,paid,fulfilled
DASH-2307,2025-04-07T14:42:00Z,FRESH-8LB-BEEF-CHICKEN,subscription,1,127.2,paid,fulfilled
DASH-2308,2025-04-07T15:49:00Z,FRESH-8LB-BEEF-CHICKEN,subscription,1,127.2,paid,fulfilled
DASH-2309,2025-04-07T16:56:00Z,FRESH-8LB-BEEF-CHICKEN,subscription,1,127.2,paid,fulfilled
DASH-2310,2025-04-07T17:03:00Z,FRESH-8LB-BEEF-CHICKEN,subscription,1,127.2,paid,fulfilled
DASH-2311,2025-04-07T08:10:00Z,FRESH-8LB-BEEF-CHICKEN,trial,1,34.5,paid,fulfilled
DASH-2312,2025-04-07T09:17:00Z,FRESH-8LB-BEEF-CHICKEN,trial,1,34.5,paid,fulfilled
DASH-2313,2025-04-07T10:24:00Z,FRESH-8LB-BEEF-CHICKEN,trial,1,34.5,paid,fulfilled
DASH-2314,2025-04-07T11:31:00Z,FRESH-8LB-BEEF-CHICKEN,subscription,1,127.2,paid,fulfilled
DASH-2315,2025-04-07T12:38:00Z,FRESH-8LB-BEEF-CHICKEN,subscription,1,127.2,paid,fulfilled
DASH-2316,2025-04-07T13:45:00Z,FRESH-8LB-BEEF-CHICKEN,subscription,1,127.2,paid,fulfilled
DASH-2317,2025-04-07T14:52:00Z,FRESH-8LB-BEEF-CHICKEN,subscription,1,127.2,paid,fulfilled
DASH-2318,2025-04-07T15:59:00Z,FRESH-8LB-BEEF-CHICKEN,subscription,1,127.2,paid,fulfilled
DASH-2319,2025-04-07T16:06:00Z,FRESH-8LB-BEEF-CHICKEN,subscription,1,127.2,paid,fulfilled
DASH-2320,2025-04-07T17:13:00Z,FRESH-8LB-BEEF-CHICKEN,subscription,1,127.2,paid,fulfilled
DASH-2321,2025-04-07T08:20:00Z,FRESH-8LB-BEEF-CHICKEN,trial,1,34.5,paid,fulfilled
DASH-2322,2025-04-07T09:27:00Z,FRESH-8LB-BEEF-CHICKEN,trial,1,34.5,paid,fulfilled
DASH-2323,2025-04-07T10:34:00Z,FRESH-8LB-BEEF-CHICKEN,trial,1,34.5,paid,fulfilled
DASH-2324,2025-04-07T11:41:00Z,FRESH-8LB-BEEF-CHICKEN,subscription,1,127.2,paid,fulfilled
DASH-2325,2025-04-07T12:48:00Z,FRESH-8LB-BEEF-CHICKEN,subscription,1,127.2,paid,fulfilled
DASH-2326,2025-04-07T13:55:00Z,FRESH-8LB-BEEF-CHICKEN,subscription,1,127.2,paid,fulfilled
DASH-2327,2025-04-07T14:02:00Z,FRESH-8LB-BEEF-CHICKEN,subscription,1,127.2,paid,fulfilled
DASH-2328,2025-04-07T15:09:00Z,FRESH-8LB-BEEF-CHICKEN,subscription,1,127.2,paid,fulfilled
DASH-2329,2025-04-07T16:16:00Z,FRESH-8LB-BEEF-CHICKEN,subscription,1,127.2,paid,fulfilled
DASH-2330,2025-04-07T17:23:00Z,FRESH-8LB-BEEF-CHICKEN,subscription,2,254.4,paid,fulfilled
DASH-2331,2025-04-07T08:30:00Z,FRESH-8LB-BEEF-CHICKEN,trial,1,34.5,paid,fulfilled
DASH-2332,2025-04-07T09:37:00Z,FRESH-8LB-BEEF-CHICKEN,trial,1,34.5,paid,fulfilled
DASH-2333,2025-04-07T10:44:00Z,FRESH-8LB-BEEF-CHICKEN,trial,1,34.5,paid,fulfilled
DASH-2334,2025-04-07T11:51:00Z,FRESH-8LB-BEEF-CHICKEN,subscription,1,127.2,paid,fulfilled
DASH-2335,2025-04-07T12:58:00Z,FRESH-8LB-BEEF-CHICKEN,subscription,1,127.2,paid,fulfilled
DASH-2336,2025-04-07T13:05:00Z,FRESH-8LB-BEEF-CHICKEN,subscription,1,127.2,paid,fulfilled
DASH-2337,2025-04-07T14:12:00Z,FRESH-8LB-BEEF-CHICKEN,subscription,1,127.2,paid,fulfilled
DASH-2338,2025-04-07T15:19:00Z,FRESH-8LB-BEEF-CHICKEN,subscription,1,127.2,paid,fulfilled
DASH-2339,2025-04-07T16:26:00Z,FRESH-8LB-BEEF-CHICKEN,subscription,2,254.4,paid,fulfilled
DASH-2340,2025-04-07T17:33:00Z,FRESH-8LB-BEEF-CHICKEN,subscription,1,127.2,paid,fulfilled
DASH-2341,2025-04-07T08:40:00Z,FRESH-8LB-BEEF-CHICKEN,trial,1,34.5,paid,fulfilled
DASH-2342,2025-04-07T09:47:00Z,FRESH-8LB-BEEF-CHICKEN,trial,1,34.5,paid,fulfilled
DASH-2343,2025-04-07T10:54:00Z,FRESH-8LB-BEEF-CHICKEN,trial,1,34.5,paid,fulfilled
DASH-2344,2025-04-07T11:01:00Z,FRESH-8LB-BEEF-CHICKEN,subscription,1,127.2,paid,fulfilled
DASH-2345,2025-04-07T12:08:00Z,FRESH-8LB-BEEF-CHICKEN,subscription,1,127.2,paid,fulfilled
DASH-2346,2025-04-07T13:15:00Z,FRESH-8LB-BEEF-CHICKEN,subscription,1,127.2,paid,fulfilled
DASH-2347,2025-04-07T14:22:00Z,FRESH-8LB-BEEF-CHICKEN,subscription,1,127.2,paid,fulfilled
DASH-2348,2025-04-07T15:29:00Z,FRESH-8LB-BEEF-CHICKEN,subscription,2,254.4,paid,fulfilled
DASH-2349,2025-04-07T16:36:00Z,FRESH-8LB-BEEF-CHICKEN,subscription,1,127.2,paid,fulfilled
DASH-2350,2025-04-07T17:43:00Z,FRESH-8LB-BEEF-CHICKEN,subscription,1,127.2,paid,fulfilled
DASH-2351,2025-04-08T08:00:00Z,FRESH-8LB-BEEF-CHICKEN,trial,1,34.5,paid,fulfilled
DASH-2352,2025-04-08T09:07:00Z,FRESH-8LB-BEEF-CHICKEN,trial,1,34.5,paid,fulfilled
DASH-2353,2025-04-08T10:14:00Z,FRESH-8LB-BEEF-CHICKEN,trial,1,34.5,paid,fulfilled
DASH-2354,2025-04-08T11:21:00Z,FRESH-8LB-BEEF-CHICKEN,subscription,1,127.2,paid,fulfilled
DASH-2355,2025-04-08T12:28:00Z,FRESH-8LB-BEEF-CHICKEN,subscription,1,127.2,paid,fulfilled
DASH-2356,2025-04-08T13:35:00Z,FRESH-8LB-BEEF-CHICKEN,subscription,1,127.2,paid,fulfilled
DASH-2357,2025-04-08T14:42:00Z,FRESH-8LB-BEEF-CHICKEN,subscription,1,127.2,paid,fulfilled
DASH-2358,2025-04-08T15:49:00Z,FRESH-8LB-BEEF-CHICKEN,subscription,1,127.2,paid,fulfilled
DASH-2359,2025-04-08T16:56:00Z,FRESH-8LB-BEEF-CHICKEN,subscription,1,127.2,paid,fulfilled
DASH-2360,2025-04-08T17:03:00Z,FRESH-8LB-BEEF-CHICKEN,subscription,1,127.2,paid,fulfilled
DASH-2361,2025-04-08T08:10:00Z,FRESH-8LB-BEEF-CHICKEN,trial,1,34.5,paid,fulfilled
DASH-2362,2025-04-08T09:17:00Z,FRESH-8LB-BEEF-CHICKEN,trial,1,34.5,paid,fulfilled
DASH-2363,2025-04-08T10:24:00Z,FRESH-8LB-BEEF-CHICKEN,trial,1,34.5,paid,fulfilled
DASH-2364,2025-04-08T11:31:00Z,FRESH-8LB-BEEF-CHICKEN,subscription,1,127.2,paid,fulfilled
DASH-2365,2025-04-08T12:38:00Z,FRESH-8LB-BEEF-CHICKEN,subscription,1,127.2,paid,fulfilled
DASH-2366,2025-04-08T13:45:00Z,FRESH-8LB-BEEF-CHICKEN,subscription,1,127.2,paid,fulfilled
DASH-2367,2025-04-08T14:52:00Z,FRESH-8LB-BEEF-CHICKEN,subscription,1,127.2,paid,fulfilled
DASH-2368,2025-04-08T15:59:00Z,FRESH-8LB-BEEF-CHICKEN,subscription,1,127.2,paid,fulfilled
DASH-2369,2025-04-08T16:06:00Z,FRESH-8LB-BEEF-CHICKEN,subscription,1,127.2,paid,fulfilled
DASH-2370,2025-04-08T17:13:00Z,FRESH-8LB-BEEF-CHICKEN,subscription,2,254.4,paid,fulfilled
DASH-2371,2025-04-08T08:20:00Z,FRESH-8LB-BEEF-CHICKEN,trial,1,34.5,paid,fulfilled
DASH-2372,2025-04-08T09:27:00Z,FRESH-8LB-BEEF-CHICKEN,trial,1,34.5,paid,fulfilled
DASH-2373,2025-04-08T10:34:00Z,FRESH-8LB-BEEF-CHICKEN,trial,1,34.5,paid,fulfilled
DASH-2374,2025-04-08T11:41:00Z,FRESH-8LB-BEEF-CHICKEN,subscription,1,127.2,paid,fulfilled
DASH-2375,2025-04-08T12:48:00Z,FRESH-8LB-BEEF-CHICKEN,subscription,1,127.2,paid,fulfilled
DASH-2376,2025-04-08T13:55:00Z,FRESH-8LB-BEEF-CHICKEN,subscription,1,127.2,paid,fulfilled
DASH-2377,2025-04-08T14:02:00Z,FRESH-8LB-BEEF-CHICKEN,subscription,1,127.2,paid,fulfilled
DASH-2378,2025-04-08T15:09:00Z,FRESH-8LB-BEEF-CHICKEN,subscription,1,127.2,paid,fulfilled
DASH-2379,2025-04-08T16:16:00Z,FRESH-8LB-BEEF-CHICKEN,subscription,2,254.4,paid,fulfilled
DASH-2380,2025-04-08T17:23:00Z,FRESH-8LB-BEEF-CHICKEN,subscription,1,127.2,paid,fulfilled
DASH-2381,2025-04-08T08:30:00Z,FRESH-8LB-BEEF-CHICKEN,trial,1,34.5,paid,fulfilled
DASH-2382,2025-04-08T09:37:00Z,FRESH-8LB-BEEF-CHICKEN,trial,1,34.5,paid,fulfilled
DASH-2383,2025-04-08T10:44:00Z,FRESH-8LB-BEEF-CHICKEN,trial,1,34.5,paid,fulfilled
DASH-2384,2025-04-08T11:51:00Z,FRESH-8LB-BEEF-CHICKEN,subscription,1,127.2,paid,fulfilled
DASH-2385,2025-04-08T12:58:00Z,FRESH-8LB-BEEF-CHICKEN,subscription,1,127.2,paid,fulfilled
DASH-2386,2025-04-08T13:05:00Z,FRESH-8LB-BEEF-CHICKEN,subscription,1,127.2,paid,fulfilled
DASH-2387,2025-04-08T14:12:00Z,FRESH-8LB-BEEF-CHICKEN,subscription,1,127.2,paid,fulfilled
DASH-2388,2025-04-08T15:19:00Z,FRESH-8LB-BEEF-CHICKEN,subscription,2,254.4,paid,fulfilled
DASH-2389,2025-04-08T16:26:00Z,FRESH-8LB-BEEF-CHICKEN,subscription,1,127.2,paid,fulfilled
DASH-2390,2025-04-08T17:33:00Z,FRESH-8LB-BEEF-CHICKEN,subscription,1,127.2,paid,fulfilled
DASH-2391,2025-04-08T08:40:00Z,FRESH-8LB-BEEF-CHICKEN,trial,1,34.5,paid,fulfilled
DASH-2392,2025-04-08T09:47:00Z,FRESH-8LB-BEEF-CHICKEN,trial,1,34.5,paid,fulfilled
DASH-2393,2025-04-08T10:54:00Z,FRESH-8LB-BEEF-CHICKEN,trial,1,34.5,paid,fulfilled
DASH-2394,2025-04-08T11:01:00Z,FRESH-8LB-BEEF-CHICKEN,subscription,1,127.2,paid,fulfilled
DASH-2395,2025-04-08T12:08:00Z,FRESH-8LB-BEEF-CHICKEN,subscription,1,127.2,paid,fulfilled
DASH-2396,2025-04-08T13:15:00Z,FRESH-8LB-BEEF-CHICKEN,subscription,1,127.2,paid,fulfilled
DASH-2397,2025-04-08T14:22:00Z,FRESH-8LB-BEEF-CHICKEN,subscription,2,254.4,paid,fulfilled
DASH-2398,2025-04-08T15:29:00Z,FRESH-8LB-BEEF-CHICKEN,subscription,1,127.2,paid,fulfilled
DASH-2399,2025-04-08T16:36:00Z,FRESH-8LB-BEEF-CHICKEN,subscription,1,127.2,paid,fulfilled
DASH-2400,2025-04-08T17:43:00Z,FRESH-8LB-BEEF-CHICKEN,subscription,1,127.2,paid,fulfilled
DASH-2401,2025-04-09T08:00:00Z,FRESH-8LB-BEEF-CHICKEN,trial,1,34.5,paid,fulfilled
DASH-2402,2025-04-09T09:07:00Z,FRESH-8LB-BEEF-CHICKEN,trial,1,34.5,paid,fulfilled
DASH-2403,2025-04-09T10:14:00Z,FRESH-8LB-BEEF-CHICKEN,trial,1,34.5,paid,fulfilled
DASH-2404,2025-04-09T11:21:00Z,FRESH-8LB-BEEF-CHICKEN,subscription,1,127.2,paid,fulfilled
DASH-2405,2025-04-09T12:28:00Z,FRESH-8LB-BEEF-CHICKEN,subscription,1,127.2,paid,fulfilled
DASH-2406,2025-04-09T13:35:00Z,FRESH-8LB-BEEF-CHICKEN,subscription,1,127.2,paid,fulfilled
DASH-2407,2025-04-09T14:42:00Z,FRESH-8LB-BEEF-CHICKEN,subscription,1,127.2,paid,fulfilled
DASH-2408,2025-04-09T15:49:00Z,FRESH-8LB-BEEF-CHICKEN,subscription,1,127.2,paid,fulfilled
DASH-2409,2025-04-09T16:56:00Z,FRESH-8LB-BEEF-CHICKEN,subscription,1,127.2,paid,fulfilled
DASH-2410,2025-04-09T17:03:00Z,FRESH-8LB-BEEF-CHICKEN,subscription,2,254.4,paid,fulfilled
DASH-2411,2025-04-09T08:10:00Z,FRESH-8LB-BEEF-CHICKEN,trial,1,34.5,paid,fulfilled
DASH-2412,2025-04-09T09:17:00Z,FRESH-8LB-BEEF-CHICKEN,trial,1,34.5,paid,fulfilled
DASH-2413,2025-04-09T10:24:00Z,FRESH-8LB-BEEF-CHICKEN,trial,1,34.5,paid,fulfilled
DASH-2414,2025-04-09T11:31:00Z,FRESH-8LB-BEEF-CHICKEN,subscription,1,127.2,paid,fulfilled
DASH-2415,2025-04-09T12:38:00Z,FRESH-8LB-BEEF-CHICKEN,subscription,1,127.2,paid,fulfilled
DASH-2416,2025-04-09T13:45:00Z,FRESH-8LB-BEEF-CHICKEN,subscription,1,127.2,paid,fulfilled
DASH-2417,2025-04-09T14:52:00Z,FRESH-8LB-BEEF-CHICKEN,subscription,1,127.2,paid,fulfilled
DASH-2418,2025-04-09T15:59:00Z,FRESH-8LB-BEEF-CHICKEN,subscription,1,127.2,paid,fulfilled
DASH-2419,2025-04-09T16:06:00Z,FRESH-8LB-BEEF-CHICKEN,subscription,2,254.4,paid,fulfilled
DASH-2420,2025-04-09T17:13:00Z,FRESH-8LB-BEEF-CHICKEN,subscription,1,127.2,paid,fulfilled
DASH-2421,2025-04-09T08:20:00Z,FRESH-8LB-BEEF-CHICKEN,trial,1,34.5,paid,fulfilled
DASH-2422,2025-04-09T09:27:00Z,FRESH-8LB-BEEF-CHICKEN,trial,1,34.5,paid,fulfilled
DASH-2423,2025-04-09T10:34:00Z,FRESH-8LB-BEEF-CHICKEN,trial,1,34.5,paid,fulfilled
DASH-2424,2025-04-09T11:41:00Z,FRESH-8LB-BEEF-CHICKEN,subscription,1,127.2,paid,fulfilled
DASH-2425,2025-04-09T12:48:00Z,FRESH-8LB-BEEF-CHICKEN,subscription,1,127.2,paid,fulfilled
DASH-2426,2025-04-09T13:55:00Z,FRESH-8LB-BEEF-CHICKEN,subscription,1,127.2,paid,fulfilled
DASH-2427,2025-04-09T14:02:00Z,FRESH-8LB-BEEF-CHICKEN,subscription,1,127.2,paid,fulfilled
DASH-2428,2025-04-09T15:09:00Z,FRESH-8LB-BEEF-CHICKEN,subscription,2,254.4,paid,fulfilled
DASH-2429,2025-04-09T16:16:00Z,FRESH-8LB-BEEF-CHICKEN,subscription,1,127.2,paid,fulfilled
DASH-2430,2025-04-09T17:23:00Z,FRESH-8LB-BEEF-CHICKEN,subscription,1,127.2,paid,fulfilled
DASH-2431,2025-04-09T08:30:00Z,FRESH-8LB-BEEF-CHICKEN,trial,1,34.5,paid,fulfilled
DASH-2432,2025-04-09T09:37:00Z,FRESH-8LB-BEEF-CHICKEN,trial,1,34.5,paid,fulfilled
DASH-2433,2025-04-09T10:44:00Z,FRESH-8LB-BEEF-CHICKEN,trial,1,34.5,paid,fulfilled
DASH-2434,2025-04-09T11:51:00Z,FRESH-8LB-BEEF-CHICKEN,subscription,1,127.2,paid,fulfilled
DASH-2435,2025-04-09T12:58:00Z,FRESH-8LB-BEEF-CHICKEN,subscription,1,127.2,paid,fulfilled
DASH-2436,2025-04-09T13:05:00Z,FRESH-8LB-BEEF-CHICKEN,subscription,1,127.2,paid,fulfilled
DASH-2437,2025-04-09T14:12:00Z,FRESH-8LB-BEEF-CHICKEN,subscription,2,254.4,paid,fulfilled
DASH-2438,2025-04-09T15:19:00Z,FRESH-8LB-BEEF-CHICKEN,subscription,1,127.2,paid,fulfilled
DASH-2439,2025-04-09T16:26:00Z,FRESH-8LB-BEEF-CHICKEN,subscription,1,127.2,paid,fulfilled
DASH-2440,2025-04-09T17:33:00Z,FRESH-8LB-BEEF-CHICKEN,subscription,1,127.2,paid,fulfilled
DASH-2441,2025-04-09T08:40:00Z,FRESH-8LB-BEEF-CHICKEN,trial,1,34.5,paid,fulfilled
DASH-2442,2025-04-09T09:47:00Z,FRESH-8LB-BEEF-CHICKEN,trial,1,34.5,paid,fulfilled
DASH-2443,2025-04-09T10:54:00Z,FRESH-8LB-BEEF-CHICKEN,trial,1,34.5,paid,fulfilled
DASH-2444,2025-04-09T11:01:00Z,FRESH-8LB-BEEF-CHICKEN,subscription,1,127.2,paid,fulfilled
DASH-2445,2025-04-09T12:08:00Z,FRESH-8LB-BEEF-CHICKEN,subscription,1,127.2,paid,fulfilled
DASH-2446,2025-04-09T13:15:00Z,FRESH-8LB-BEEF-CHICKEN,subscription,2,254.4,paid,fulfilled
DASH-2447,2025-04-09T14:22:00Z,FRESH-8LB-BEEF-CHICKEN,subscription,1,127.2,paid,fulfilled
DASH-2448,2025-04-09T15:29:00Z,FRESH-8LB-BEEF-CHICKEN,subscription,1,127.2,paid,fulfilled
DASH-2449,2025-04-09T16:36:00Z,FRESH-8LB-BEEF-CHICKEN,subscription,1,127.2,paid,fulfilled
DASH-2450,2025-04-09T17:43:00Z,FRESH-8LB-BEEF-CHICKEN,subscription,1,127.2,paid,fulfilled
DASH-2451,2025-04-10T08:00:00Z,FRESH-8LB-BEEF-CHICKEN,trial,1,34.5,paid,fulfilled
DASH-2452,2025-04-10T09:07:00Z,FRESH-8LB-BEEF-CHICKEN,trial,1,34.5,paid,fulfilled
DASH-2453,2025-04-10T10:14:00Z,FRESH-8LB-BEEF-CHICKEN,trial,1,34.5,paid,fulfilled
DASH-2454,2025-04-10T11:21:00Z,FRESH-8LB-BEEF-CHICKEN,subscription,1,127.2,paid,fulfilled
DASH-2455,2025-04-10T12:28:00Z,FRESH-8LB-BEEF-CHICKEN,subscription,1,127.2,paid,fulfilled
DASH-2456,2025-04-10T13:35:00Z,FRESH-8LB-BEEF-CHICKEN,subscription,1,127.2,paid,fulfilled
DASH-2457,2025-04-10T14:42:00Z,FRESH-8LB-BEEF-CHICKEN,subscription,1,127.2,paid,fulfilled
DASH-2458,2025-04-10T15:49:00Z,FRESH-8LB-BEEF-CHICKEN,subscription,1,127.2,paid,fulfilled
DASH-2459,2025-04-10T16:56:00Z,FRESH-8LB-BEEF-CHICKEN,subscription,2,254.4,paid,fulfilled
DASH-2460,2025-04-10T17:03:00Z,FRESH-8LB-BEEF-CHICKEN,subscription,1,127.2,paid,fulfilled
DASH-2461,2025-04-10T08:10:00Z,FRESH-8LB-BEEF-CHICKEN,trial,1,34.5,paid,fulfilled
DASH-2462,2025-04-10T09:17:00Z,FRESH-8LB-BEEF-CHICKEN,trial,1,34.5,paid,fulfilled
DASH-2463,2025-04-10T10:24:00Z,FRESH-8LB-BEEF-CHICKEN,trial,1,34.5,paid,fulfilled
DASH-2464,2025-04-10T11:31:00Z,FRESH-8LB-BEEF-CHICKEN,subscription,1,127.2,paid,fulfilled
DASH-2465,2025-04-10T12:38:00Z,FRESH-8LB-BEEF-CHICKEN,subscription,1,127.2,paid,fulfilled
DASH-2466,2025-04-10T13:45:00Z,FRESH-8LB-BEEF-CHICKEN,subscription,1,127.2,paid,fulfilled
DASH-2467,2025-04-10T14:52:00Z,FRESH-8LB-BEEF-CHICKEN,subscription,1,127.2,paid,fulfilled
DASH-2468,2025-04-10T15:59:00Z,FRESH-8LB-BEEF-CHICKEN,subscription,2,254.4,paid,fulfilled
DASH-2469,2025-04-10T16:06:00Z,FRESH-8LB-BEEF-CHICKEN,subscription,1,127.2,paid,fulfilled
DASH-2470,2025-04-10T17:13:00Z,FRESH-8LB-BEEF-CHICKEN,subscription,1,127.2,paid,fulfilled
DASH-2471,2025-04-10T08:20:00Z,FRESH-8LB-BEEF-CHICKEN,trial,1,34.5,paid,fulfilled
DASH-2472,2025-04-10T09:27:00Z,FRESH-8LB-BEEF-CHICKEN,trial,1,34.5,paid,fulfilled
DASH-2473,2025-04-10T10:34:00Z,FRESH-8LB-BEEF-CHICKEN,trial,1,34.5,paid,fulfilled
DASH-2474,2025-04-10T11:41:00Z,FRESH-8LB-BEEF-CHICKEN,subscription,1,127.2,paid,fulfilled
DASH-2475,2025-04-10T12:48:00Z,FRESH-8LB-BEEF-CHICKEN,subscription,1,127.2,paid,fulfilled
DASH-2476,2025-04-10T13:55:00Z,FRESH-8LB-BEEF-CHICKEN,subscription,1,127.2,paid,fulfilled
DASH-2477,2025-04-10T14:02:00Z,FRESH-8LB-BEEF-CHICKEN,subscription,2,254.4,paid,fulfilled
DASH-2478,2025-04-10T15:09:00Z,FRESH-8LB-BEEF-CHICKEN,subscription,1,127.2,paid,fulfilled
DASH-2479,2025-04-10T16:16:00Z,FRESH-8LB-BEEF-CHICKEN,subscription,1,127.2,paid,fulfilled
DASH-2480,2025-04-10T17:23:00Z,FRESH-8LB-BEEF-CHICKEN,subscription,1,127.2,paid,fulfilled
DASH-2481,2025-04-10T08:30:00Z,FRESH-8LB-BEEF-CHICKEN,trial,1,34.5,paid,fulfilled
DASH-2482,2025-04-10T09:37:00Z,FRESH-8LB-BEEF-CHICKEN,trial,1,34.5,paid,fulfilled
DASH-2483,2025-04-10T10:44:00Z,FRESH-8LB-BEEF-CHICKEN,trial,1,34.5,paid,fulfilled
DASH-2484,2025-04-10T11:51:00Z,FRESH-8LB-BEEF-CHICKEN,subscription,1,127.2,paid,fulfilled
DASH-2485,2025-04-10T12:58:00Z,FRESH-8LB-BEEF-CHICKEN,subscription,1,127.2,paid,fulfilled
DASH-2486,2025-04-10T13:05:00Z,FRESH-8LB-BEEF-CHICKEN,subscription,2,254.4,paid,fulfilled
DASH-2487,2025-04-10T14:12:00Z,FRESH-8LB-BEEF-CHICKEN,subscription,1,127.2,paid,fulfilled
DASH-2488,2025-04-10T15:19:00Z,FRESH-8LB-BEEF-CHICKEN,subscription,1,127.2,paid,fulfilled
DASH-2489,2025-04-10T16:26:00Z,FRESH-8LB-BEEF-CHICKEN,subscription,1,127.2,paid,fulfilled
DASH-2490,2025-04-10T17:33:00Z,FRESH-8LB-BEEF-CHICKEN,subscription,1,127.2,paid,fulfilled
DASH-2491,2025-04-10T08:40:00Z,FRESH-8LB-BEEF-CHICKEN,trial,1,34.5,paid,fulfilled
DASH-2492,2025-04-10T09:47:00Z,FRESH-8LB-BEEF-CHICKEN,trial,1,34.5,paid,fulfilled
DASH-2493,2025-04-10T10:54:00Z,FRESH-8LB-BEEF-CHICKEN,trial,1,34.5,paid,fulfilled
DASH-2494,2025-04-10T11:01:00Z,FRESH-8LB-BEEF-CHICKEN,subscription,1,127.2,paid,fulfilled
DASH-2495,2025-04-10T12:08:00Z,FRESH-8LB-BEEF-CHICKEN,subscription,2,254.4,paid,fulfilled
DASH-2496,2025-04-10T13:15:00Z,FRESH-8LB-BEEF-CHICKEN,subscription,1,127.2,paid,fulfilled
DASH-2497,2025-04-10T14:22:00Z,FRESH-8LB-BEEF-CHICKEN,subscription,1,127.2,paid,fulfilled
DASH-2498,2025-04-10T15:29:00Z,FRESH-8LB-BEEF-CHICKEN,subscription,1,127.2,paid,fulfilled
DASH-2499,2025-04-10T16:36:00Z,FRESH-8LB-BEEF-CHICKEN,subscription,1,127.2,paid,fulfilled
DASH-2500,2025-04-10T17:43:00Z,FRESH-8LB-BEEF-CHICKEN,subscription,1,127.2,paid,fulfilled
DASH-2501,2025-04-11T08:00:00Z,FRESH-8LB-BEEF-CHICKEN,trial,1,34.5,paid,fulfilled
DASH-2502,2025-04-11T09:07:00Z,FRESH-8LB-BEEF-CHICKEN,trial,1,34.5,paid,fulfilled
DASH-2503,2025-04-11T10:14:00Z,FRESH-8LB-BEEF-CHICKEN,trial,1,34.5,paid,fulfilled
DASH-2504,2025-04-11T11:21:00Z,FRESH-8LB-BEEF-CHICKEN,subscription,1,127.2,paid,fulfilled
DASH-2505,2025-04-11T12:28:00Z,FRESH-8LB-BEEF-CHICKEN,subscription,1,127.2,paid,fulfilled
DASH-2506,2025-04-11T13:35:00Z,FRESH-8LB-BEEF-CHICKEN,subscription,1,127.2,paid,fulfilled
DASH-2507,2025-04-11T14:42:00Z,FRESH-8LB-BEEF-CHICKEN,subscription,1,127.2,paid,fulfilled
DASH-2508,2025-04-11T15:49:00Z,FRESH-8LB-BEEF-CHICKEN,subscription,2,254.4,paid,fulfilled
DASH-2509,2025-04-11T16:56:00Z,FRESH-8LB-BEEF-CHICKEN,subscription,1,127.2,paid,fulfilled
DASH-2510,2025-04-11T17:03:00Z,FRESH-8LB-BEEF-CHICKEN,subscription,1,127.2,paid,fulfilled
DASH-2511,2025-04-11T08:10:00Z,FRESH-8LB-BEEF-CHICKEN,trial,1,34.5,paid,fulfilled
DASH-2512,2025-04-11T09:17:00Z,FRESH-8LB-BEEF-CHICKEN,trial,1,34.5,paid,fulfilled
DASH-2513,2025-04-11T10:24:00Z,FRESH-8LB-BEEF-CHICKEN,trial,1,34.5,paid,fulfilled
DASH-2514,2025-04-11T11:31:00Z,FRESH-8LB-BEEF-CHICKEN,subscription,1,127.2,paid,fulfilled
DASH-2515,2025-04-11T12:38:00Z,FRESH-8LB-BEEF-CHICKEN,subscription,1,127.2,paid,fulfilled
DASH-2516,2025-04-11T13:45:00Z,FRESH-8LB-BEEF-CHICKEN,subscription,1,127.2,paid,fulfilled
DASH-2517,2025-04-11T14:52:00Z,FRESH-8LB-BEEF-CHICKEN,subscription,2,254.4,paid,fulfilled
DASH-2518,2025-04-11T15:59:00Z,FRESH-8LB-BEEF-CHICKEN,subscription,1,127.2,paid,fulfilled
DASH-2519,2025-04-11T16:06:00Z,FRESH-8LB-BEEF-CHICKEN,subscription,1,127.2,paid,fulfilled
DASH-2520,2025-04-11T17:13:00Z,FRESH-8LB-BEEF-CHICKEN,subscription,1,127.2,paid,fulfilled
DASH-2521,2025-04-11T08:20:00Z,FRESH-8LB-BEEF-CHICKEN,trial,1,34.5,paid,fulfilled
DASH-2522,2025-04-11T09:27:00Z,FRESH-8LB-BEEF-CHICKEN,trial,1,34.5,paid,fulfilled
DASH-2523,2025-04-11T10:34:00Z,FRESH-8LB-BEEF-CHICKEN,trial,1,34.5,paid,fulfilled
DASH-2524,2025-04-11T11:41:00Z,FRESH-8LB-BEEF-CHICKEN,subscription,1,127.2,paid,fulfilled
DASH-2525,2025-04-11T12:48:00Z,FRESH-8LB-BEEF-CHICKEN,subscription,1,127.2,paid,fulfilled
DASH-2526,2025-04-11T13:55:00Z,FRESH-8LB-BEEF-CHICKEN,subscription,2,254.4,paid,fulfilled
DASH-2527,2025-04-11T14:02:00Z,FRESH-8LB-BEEF-CHICKEN,subscription,1,127.2,paid,fulfilled
DASH-2528,2025-04-11T15:09:00Z,FRESH-8LB-BEEF-CHICKEN,subscription,1,127.2,paid,fulfilled
DASH-2529,2025-04-11T16:16:00Z,FRESH-8LB-BEEF-CHICKEN,subscription,1,127.2,paid,fulfilled
DASH-2530,2025-04-11T17:23:00Z,FRESH-8LB-BEEF-CHICKEN,subscription,1,127.2,paid,fulfilled
DASH-2531,2025-04-11T08:30:00Z,FRESH-8LB-BEEF-CHICKEN,trial,1,34.5,paid,fulfilled
DASH-2532,2025-04-11T09:37:00Z,FRESH-8LB-BEEF-CHICKEN,trial,1,34.5,paid,fulfilled
DASH-2533,2025-04-11T10:44:00Z,FRESH-8LB-BEEF-CHICKEN,trial,1,34.5,paid,fulfilled
DASH-2534,2025-04-11T11:51:00Z,FRESH-8LB-BEEF-CHICKEN,subscription,1,127.2,paid,fulfilled
DASH-2535,2025-04-11T12:58:00Z,FRESH-8LB-BEEF-CHICKEN,subscription,2,254.4,paid,fulfilled
DASH-2536,2025-04-11T13:05:00Z,FRESH-8LB-BEEF-CHICKEN,subscription,1,127.2,paid,fulfilled
DASH-2537,2025-04-11T14:12:00Z,FRESH-8LB-BEEF-CHICKEN,subscription,1,127.2,paid,fulfilled
DASH-2538,2025-04-11T15:19:00Z,FRESH-8LB-BEEF-CHICKEN,subscription,1,127.2,paid,fulfilled
DASH-2539,2025-04-11T16:26:00Z,FRESH-8LB-BEEF-CHICKEN,subscription,1,127.2,paid,fulfilled
DASH-2540,2025-04-11T17:33:00Z,FRESH-8LB-BEEF-CHICKEN,subscription,1,127.2,paid,fulfilled
DASH-2541,2025-04-11T08:40:00Z,FRESH-8LB-BEEF-CHICKEN,trial,1,34.5,paid,fulfilled
DASH-2542,2025-04-11T09:47:00Z,FRESH-8LB-BEEF-CHICKEN,trial,1,34.5,paid,fulfilled
DASH-2543,2025-04-11T10:54:00Z,FRESH-8LB-BEEF-CHICKEN,trial,1,34.5,paid,fulfilled
DASH-2544,2025-04-11T11:01:00Z,FRESH-8LB-BEEF-CHICKEN,subscription,2,254.4,paid,fulfilled
DASH-2545,2025-04-11T12:08:00Z,FRESH-8LB-BEEF-CHICKEN,subscription,1,127.2,paid,fulfilled
DASH-2546,2025-04-11T13:15:00Z,FRESH-8LB-BEEF-CHICKEN,subscription,1,127.2,paid,fulfilled
DASH-2547,2025-04-11T14:22:00Z,FRESH-8LB-BEEF-CHICKEN,subscription,1,127.2,paid,fulfilled
DASH-2548,2025-04-11T15:29:00Z,FRESH-8LB-BEEF-CHICKEN,subscription,1,127.2,paid,fulfilled
DASH-2549,2025-04-11T16:36:00Z,FRESH-8LB-BEEF-CHICKEN,subscription,1,127.2,paid,fulfilled
DASH-2550,2025-04-11T17:43:00Z,FRESH-8LB-BEEF-CHICKEN,subscription,1,127.2,paid,fulfilled
DASH-2551,2025-04-12T08:00:00Z,FRESH-8LB-BEEF-CHICKEN,trial,1,34.5,paid,fulfilled
DASH-2552,2025-04-12T09:07:00Z,FRESH-8LB-BEEF-CHICKEN,trial,1,34.5,paid,fulfilled
DASH-2553,2025-04-12T10:14:00Z,FRESH-8LB-BEEF-CHICKEN,trial,1,34.5,paid,fulfilled
DASH-2554,2025-04-12T11:21:00Z,FRESH-8LB-BEEF-CHICKEN,subscription,1,127.2,paid,fulfilled
DASH-2555,2025-04-12T12:28:00Z,FRESH-8LB-BEEF-CHICKEN,subscription,1,127.2,paid,fulfilled
DASH-2556,2025-04-12T13:35:00Z,FRESH-8LB-BEEF-CHICKEN,subscription,1,127.2,paid,fulfilled
DASH-2557,2025-04-12T14:42:00Z,FRESH-8LB-BEEF-CHICKEN,subscription,2,254.4,paid,fulfilled
DASH-2558,2025-04-12T15:49:00Z,FRESH-8LB-BEEF-CHICKEN,subscription,1,127.2,paid,fulfilled
DASH-2559,2025-04-12T16:56:00Z,FRESH-8LB-BEEF-CHICKEN,subscription,1,127.2,paid,fulfilled
DASH-2560,2025-04-12T17:03:00Z,FRESH-8LB-BEEF-CHICKEN,subscription,1,127.2,paid,fulfilled
DASH-2561,2025-04-12T08:10:00Z,FRESH-8LB-BEEF-CHICKEN,trial,1,34.5,paid,fulfilled
DASH-2562,2025-04-12T09:17:00Z,FRESH-8LB-BEEF-CHICKEN,trial,1,34.5,paid,fulfilled
DASH-2563,2025-04-12T10:24:00Z,FRESH-8LB-BEEF-CHICKEN,trial,1,34.5,paid,fulfilled
DASH-2564,2025-04-12T11:31:00Z,FRESH-8LB-BEEF-CHICKEN,subscription,1,127.2,paid,fulfilled
DASH-2565,2025-04-12T12:38:00Z,FRESH-8LB-BEEF-CHICKEN,subscription,1,127.2,paid,fulfilled
DASH-2566,2025-04-12T13:45:00Z,FRESH-8LB-BEEF-CHICKEN,subscription,2,254.4,paid,fulfilled
DASH-2567,2025-04-12T14:52:00Z,FRESH-8LB-BEEF-CHICKEN,subscription,1,127.2,paid,fulfilled
DASH-2568,2025-04-12T15:59:00Z,FRESH-8LB-BEEF-CHICKEN,subscription,1,127.2,paid,fulfilled
DASH-2569,2025-04-12T16:06:00Z,FRESH-8LB-BEEF-CHICKEN,subscription,1,127.2,paid,fulfilled
DASH-2570,2025-04-12T17:13:00Z,FRESH-8LB-BEEF-CHICKEN,subscription,1,127.2,paid,fulfilled
DASH-2571,2025-04-12T08:20:00Z,FRESH-8LB-BEEF-CHICKEN,trial,1,34.5,paid,fulfilled
DASH-2572,2025-04-12T09:27:00Z,FRESH-8LB-BEEF-CHICKEN,trial,1,34.5,paid,fulfilled
DASH-2573,2025-04-12T10:34:00Z,FRESH-8LB-BEEF-CHICKEN,trial,1,34.5,paid,fulfilled
DASH-2574,2025-04-12T11:41:00Z,FRESH-8LB-BEEF-CHICKEN,subscription,1,127.2,paid,fulfilled
DASH-2575,2025-04-12T12:48:00Z,FRESH-8LB-BEEF-CHICKEN,subscription,2,254.4,paid,fulfilled
DASH-2576,2025-04-12T13:55:00Z,FRESH-8LB-BEEF-CHICKEN,subscription,1,127.2,paid,fulfilled
DASH-2577,2025-04-12T14:02:00Z,FRESH-8LB-BEEF-CHICKEN,subscription,1,127.2,paid,fulfilled
DASH-2578,2025-04-12T15:09:00Z,FRESH-8LB-BEEF-CHICKEN,subscription,1,127.2,paid,fulfilled
DASH-2579,2025-04-12T16:16:00Z,FRESH-8LB-BEEF-CHICKEN,subscription,1,127.2,paid,fulfilled
DASH-2580,2025-04-12T17:23:00Z,FRESH-8LB-BEEF-CHICKEN,subscription,1,127.2,paid,fulfilled
DASH-2581,2025-04-12T08:30:00Z,FRESH-8LB-BEEF-CHICKEN,trial,1,34.5,paid,fulfilled
DASH-2582,2025-04-12T09:37:00Z,FRESH-8LB-BEEF-CHICKEN,trial,1,34.5,paid,fulfilled
DASH-2583,2025-04-12T10:44:00Z,FRESH-8LB-BEEF-CHICKEN,trial,1,34.5,paid,fulfilled
DASH-2584,2025-04-12T11:51:00Z,FRESH-8LB-BEEF-CHICKEN,subscription,2,254.4,paid,fulfilled
DASH-2585,2025-04-12T12:58:00Z,FRESH-8LB-BEEF-CHICKEN,subscription,1,127.2,paid,fulfilled
DASH-2586,2025-04-12T13:05:00Z,FRESH-8LB-BEEF-CHICKEN,subscription,1,127.2,paid,fulfilled
DASH-2587,2025-04-12T14:12:00Z,FRESH-8LB-BEEF-CHICKEN,subscription,1,127.2,paid,fulfilled
DASH-2588,2025-04-12T15:19:00Z,FRESH-8LB-BEEF-CHICKEN,subscription,1,127.2,paid,fulfilled
DASH-2589,2025-04-12T16:26:00Z,FRESH-8LB-BEEF-CHICKEN,subscription,1,127.2,paid,fulfilled
DASH-2590,2025-04-12T17:33:00Z,FRESH-8LB-BEEF-CHICKEN,subscription,1,127.2,paid,fulfilled
DASH-2591,2025-04-12T08:40:00Z,FRESH-8LB-BEEF-CHICKEN,trial,1,34.5,paid,fulfilled
DASH-2592,2025-04-12T09:47:00Z,FRESH-8LB-BEEF-CHICKEN,trial,1,34.5,paid,fulfilled
DASH-2593,2025-04-12T10:54:00Z,FRESH-8LB-BEEF-CHICKEN,trial,1,34.5,paid,fulfilled
DASH-2594,2025-04-12T11:01:00Z,FRESH-8LB-BEEF-CHICKEN,subscription,1,127.2,paid,fulfilled
DASH-2595,2025-04-12T12:08:00Z,FRESH-8LB-BEEF-CHICKEN,subscription,1,127.2,paid,fulfilled
DASH-2596,2025-04-12T13:15:00Z,FRESH-8LB-BEEF-CHICKEN,subscription,1,127.2,paid,fulfilled
DASH-2597,2025-04-12T14:22:00Z,FRESH-8LB-BEEF-CHICKEN,subscription,1,127.2,paid,fulfilled
DASH-2598,2025-04-12T15:29:00Z,FRESH-8LB-BEEF-CHICKEN,subscription,1,127.2,paid,fulfilled
DASH-2599,2025-04-12T16:36:00Z,FRESH-8LB-BEEF-CHICKEN,subscription,1,127.2,paid,fulfilled
DASH-2600,2025-04-12T17:43:00Z,FRESH-8LB-BEEF-CHICKEN,subscription,1,127.2,paid,fulfilled
DASH-2601,2025-04-13T08:00:00Z,FRESH-8LB-BEEF-CHICKEN,trial,1,34.5,paid,fulfilled
DASH-2602,2025-04-13T09:07:00Z,FRESH-8LB-BEEF-CHICKEN,trial,1,34.5,paid,fulfilled
DASH-2603,2025-04-13T10:14:00Z,FRESH-8LB-BEEF-CHICKEN,trial,1,34.5,paid,fulfilled
DASH-2604,2025-04-13T11:21:00Z,FRESH-8LB-BEEF-CHICKEN,subscription,1,127.2,paid,fulfilled
DASH-2605,2025-04-13T12:28:00Z,FRESH-8LB-BEEF-CHICKEN,subscription,1,127.2,paid,fulfilled
DASH-2606,2025-04-13T13:35:00Z,FRESH-8LB-BEEF-CHICKEN,subscription,2,254.4,paid,fulfilled
DASH-2607,2025-04-13T14:42:00Z,FRESH-8LB-BEEF-CHICKEN,subscription,1,127.2,paid,fulfilled
DASH-2608,2025-04-13T15:49:00Z,FRESH-8LB-BEEF-CHICKEN,subscription,1,127.2,paid,fulfilled
DASH-2609,2025-04-13T16:56:00Z,FRESH-8LB-BEEF-CHICKEN,subscription,1,127.2,paid,fulfilled
DASH-2610,2025-04-13T17:03:00Z,FRESH-8LB-BEEF-CHICKEN,subscription,1,127.2,paid,fulfilled
DASH-2611,2025-04-13T08:10:00Z,FRESH-8LB-BEEF-CHICKEN,trial,1,34.5,paid,fulfilled
DASH-2612,2025-04-13T09:17:00Z,FRESH-8LB-BEEF-CHICKEN,trial,1,34.5,paid,fulfilled
DASH-2613,2025-04-13T10:24:00Z,FRESH-8LB-BEEF-CHICKEN,trial,1,34.5,paid,fulfilled
DASH-2614,2025-04-13T11:31:00Z,FRESH-8LB-BEEF-CHICKEN,subscription,1,127.2,paid,fulfilled
DASH-2615,2025-04-13T12:38:00Z,FRESH-8LB-BEEF-CHICKEN,subscription,2,254.4,paid,fulfilled
DASH-2616,2025-04-13T13:45:00Z,FRESH-8LB-BEEF-CHICKEN,subscription,1,127.2,paid,fulfilled
DASH-2617,2025-04-13T14:52:00Z,FRESH-8LB-BEEF-CHICKEN,subscription,1,127.2,paid,fulfilled
DASH-2618,2025-04-13T15:59:00Z,FRESH-8LB-BEEF-CHICKEN,subscription,1,127.2,paid,fulfilled
DASH-2619,2025-04-13T16:06:00Z,FRESH-8LB-BEEF-CHICKEN,subscription,1,127.2,paid,fulfilled
DASH-2620,2025-04-13T17:13:00Z,FRESH-8LB-BEEF-CHICKEN,subscription,1,127.2,paid,fulfilled
DASH-2621,2025-04-13T08:20:00Z,FRESH-8LB-BEEF-CHICKEN,trial,1,34.5,paid,fulfilled
DASH-2622,2025-04-13T09:27:00Z,FRESH-8LB-BEEF-CHICKEN,trial,1,34.5,paid,fulfilled
DASH-2623,2025-04-13T10:34:00Z,FRESH-8LB-BEEF-CHICKEN,trial,1,34.5,paid,fulfilled
DASH-2624,2025-04-13T11:41:00Z,FRESH-8LB-BEEF-CHICKEN,subscription,2,254.4,paid,fulfilled
DASH-2625,2025-04-13T12:48:00Z,FRESH-8LB-BEEF-CHICKEN,subscription,1,127.2,paid,fulfilled
DASH-2626,2025-04-13T13:55:00Z,FRESH-8LB-BEEF-CHICKEN,subscription,1,127.2,paid,fulfilled
DASH-2627,2025-04-13T14:02:00Z,FRESH-8LB-BEEF-CHICKEN,subscription,1,127.2,paid,fulfilled
DASH-2628,2025-04-13T15:09:00Z,FRESH-8LB-BEEF-CHICKEN,subscription,1,127.2,paid,fulfilled
DASH-2629,2025-04-13T16:16:00Z,FRESH-8LB-BEEF-CHICKEN,subscription,1,127.2,paid,fulfilled
DASH-2630,2025-04-13T17:23:00Z,FRESH-8LB-BEEF-CHICKEN,subscription,1,127.2,paid,fulfilled
DASH-2631,2025-04-13T08:30:00Z,FRESH-8LB-BEEF-CHICKEN,trial,1,34.5,paid,fulfilled
DASH-2632,2025-04-13T09:37:00Z,FRESH-8LB-BEEF-CHICKEN,trial,1,34.5,paid,fulfilled
DASH-2633,2025-04-13T10:44:00Z,FRESH-8LB-BEEF-CHICKEN,trial,1,34.5,paid,fulfilled
DASH-2634,2025-04-13T11:51:00Z,FRESH-8LB-BEEF-CHICKEN,subscription,1,127.2,paid,fulfilled
DASH-2635,2025-04-13T12:58:00Z,FRESH-8LB-BEEF-CHICKEN,subscription,1,127.2,paid,fulfilled
DASH-2636,2025-04-13T13:05:00Z,FRESH-8LB-BEEF-CHICKEN,subscription,1,127.2,paid,fulfilled
DASH-2637,2025-04-13T14:12:00Z,FRESH-8LB-BEEF-CHICKEN,subscription,1,127.2,paid,fulfilled
DASH-2638,2025-04-13T15:19:00Z,FRESH-8LB-BEEF-CHICKEN,subscription,1,127.2,paid,fulfilled
DASH-2639,2025-04-13T16:26:00Z,FRESH-8LB-BEEF-CHICKEN,subscription,1,127.2,paid,fulfilled
DASH-2640,2025-04-13T17:33:00Z,FRESH-8LB-BEEF-CHICKEN,subscription,1,127.2,paid,fulfilled
DASH-2641,2025-04-13T08:40:00Z,FRESH-8LB-BEEF-CHICKEN,trial,1,34.5,paid,fulfilled
DASH-2642,2025-04-13T09:47:00Z,FRESH-8LB-BEEF-CHICKEN,trial,1,34.5,paid,fulfilled
DASH-2643,2025-04-13T10:54:00Z,FRESH-8LB-BEEF-CHICKEN,trial,1,34.5,paid,fulfilled
DASH-2644,2025-04-13T11:01:00Z,FRESH-8LB-BEEF-CHICKEN,subscription,1,127.2,paid,fulfilled
DASH-2645,2025-04-13T12:08:00Z,FRESH-8LB-BEEF-CHICKEN,subscription,1,127.2,paid,fulfilled
DASH-2646,2025-04-13T13:15:00Z,FRESH-8LB-BEEF-CHICKEN,subscription,1,127.2,paid,fulfilled
DASH-2647,2025-04-13T14:22:00Z,FRESH-8LB-BEEF-CHICKEN,subscription,1,127.2,paid,fulfilled
DASH-2648,2025-04-13T15:29:00Z,FRESH-8LB-BEEF-CHICKEN,subscription,1,127.2,paid,fulfilled
DASH-2649,2025-04-13T16:36:00Z,FRESH-8LB-BEEF-CHICKEN,subscription,1,127.2,paid,fulfilled
DASH-2650,2025-04-13T17:43:00Z,FRESH-8LB-BEEF-CHICKEN,subscription,1,127.2,paid,fulfilled
DASH-2651,2025-04-14T08:00:00Z,FRESH-8LB-BEEF-CHICKEN,trial,1,34.5,paid,fulfilled
DASH-2652,2025-04-14T09:07:00Z,FRESH-8LB-BEEF-CHICKEN,trial,1,34.5,paid,fulfilled
DASH-2653,2025-04-14T10:14:00Z,FRESH-8LB-BEEF-CHICKEN,trial,1,34.5,paid,fulfilled
DASH-2654,2025-04-14T11:21:00Z,FRESH-8LB-BEEF-CHICKEN,subscription,1,127.2,paid,fulfilled
DASH-2655,2025-04-14T12:28:00Z,FRESH-8LB-BEEF-CHICKEN,subscription,2,254.4,paid,fulfilled
DASH-2656,2025-04-14T13:35:00Z,FRESH-8LB-BEEF-CHICKEN,subscription,1,127.2,paid,fulfilled
DASH-2657,2025-04-14T14:42:00Z,FRESH-8LB-BEEF-CHICKEN,subscription,1,127.2,paid,fulfilled
DASH-2658,2025-04-14T15:49:00Z,FRESH-8LB-BEEF-CHICKEN,subscription,1,127.2,paid,fulfilled
DASH-2659,2025-04-14T16:56:00Z,FRESH-8LB-BEEF-CHICKEN,subscription,1,127.2,paid,fulfilled
DASH-2660,2025-04-14T17:03:00Z,FRESH-8LB-BEEF-CHICKEN,subscription,1,127.2,paid,fulfilled
DASH-2661,2025-04-14T08:10:00Z,FRESH-8LB-BEEF-CHICKEN,trial,1,34.5,paid,fulfilled
DASH-2662,2025-04-14T09:17:00Z,FRESH-8LB-BEEF-CHICKEN,trial,1,34.5,paid,fulfilled
DASH-2663,2025-04-14T10:24:00Z,FRESH-8LB-BEEF-CHICKEN,trial,1,34.5,paid,fulfilled
DASH-2664,2025-04-14T11:31:00Z,FRESH-8LB-BEEF-CHICKEN,subscription,2,254.4,paid,fulfilled
DASH-2665,2025-04-14T12:38:00Z,FRESH-8LB-BEEF-CHICKEN,subscription,1,127.2,paid,fulfilled
DASH-2666,2025-04-14T13:45:00Z,FRESH-8LB-BEEF-CHICKEN,subscription,1,127.2,paid,fulfilled
DASH-2667,2025-04-14T14:52:00Z,FRESH-8LB-BEEF-CHICKEN,subscription,1,127.2,paid,fulfilled
DASH-2668,2025-04-14T15:59:00Z,FRESH-8LB-BEEF-CHICKEN,subscription,1,127.2,paid,fulfilled
DASH-2669,2025-04-14T16:06:00Z,FRESH-8LB-BEEF-CHICKEN,subscription,1,127.2,paid,fulfilled
DASH-2670,2025-04-14T17:13:00Z,FRESH-8LB-BEEF-CHICKEN,subscription,1,127.2,paid,fulfilled
DASH-2671,2025-04-14T08:20:00Z,FRESH-8LB-BEEF-CHICKEN,trial,1,34.5,paid,fulfilled
DASH-2672,2025-04-14T09:27:00Z,FRESH-8LB-BEEF-CHICKEN,trial,1,34.5,paid,fulfilled
DASH-2673,2025-04-14T10:34:00Z,FRESH-8LB-BEEF-CHICKEN,trial,1,34.5,paid,fulfilled
DASH-2674,2025-04-14T11:41:00Z,FRESH-8LB-BEEF-CHICKEN,subscription,1,127.2,paid,fulfilled
DASH-2675,2025-04-14T12:48:00Z,FRESH-8LB-BEEF-CHICKEN,subscription,1,127.2,paid,fulfilled
DASH-2676,2025-04-14T13:55:00Z,FRESH-8LB-BEEF-CHICKEN,subscription,1,127.2,paid,fulfilled
DASH-2677,2025-04-14T14:02:00Z,FRESH-8LB-BEEF-CHICKEN,subscription,1,127.2,paid,fulfilled
DASH-2678,2025-04-14T15:09:00Z,FRESH-8LB-BEEF-CHICKEN,subscription,1,127.2,paid,fulfilled
DASH-2679,2025-04-14T16:16:00Z,FRESH-8LB-BEEF-CHICKEN,subscription,1,127.2,paid,fulfilled
DASH-2680,2025-04-14T17:23:00Z,FRESH-8LB-BEEF-CHICKEN,subscription,1,127.2,paid,fulfilled
DASH-2681,2025-04-14T08:30:00Z,FRESH-8LB-BEEF-CHICKEN,trial,1,34.5,paid,fulfilled
DASH-2682,2025-04-14T09:37:00Z,FRESH-8LB-BEEF-CHICKEN,trial,1,34.5,paid,fulfilled
DASH-2683,2025-04-14T10:44:00Z,FRESH-8LB-BEEF-CHICKEN,trial,1,34.5,paid,fulfilled
DASH-2684,2025-04-14T11:51:00Z,FRESH-8LB-BEEF-CHICKEN,subscription,1,127.2,paid,fulfilled
DASH-2685,2025-04-14T12:58:00Z,FRESH-8LB-BEEF-CHICKEN,subscription,1,127.2,paid,fulfilled
DASH-2686,2025-04-14T13:05:00Z,FRESH-8LB-BEEF-CHICKEN,subscription,1,127.2,paid,fulfilled
DASH-2687,2025-04-14T14:12:00Z,FRESH-8LB-BEEF-CHICKEN,subscription,1,127.2,paid,fulfilled
DASH-2688,2025-04-14T15:19:00Z,FRESH-8LB-BEEF-CHICKEN,subscription,1,127.2,paid,fulfilled
DASH-2689,2025-04-14T16:26:00Z,FRESH-8LB-BEEF-CHICKEN,subscription,1,127.2,paid,fulfilled
DASH-2690,2025-04-14T17:33:00Z,FRESH-8LB-BEEF-CHICKEN,subscription,1,127.2,paid,fulfilled
DASH-2691,2025-04-14T08:40:00Z,FRESH-8LB-BEEF-CHICKEN,trial,1,34.5,paid,fulfilled
DASH-2692,2025-04-14T09:47:00Z,FRESH-8LB-BEEF-CHICKEN,trial,1,34.5,paid,fulfilled
DASH-2693,2025-04-14T10:54:00Z,FRESH-8LB-BEEF-CHICKEN,trial,1,34.5,paid,fulfilled
DASH-2694,2025-04-14T11:01:00Z,FRESH-8LB-BEEF-CHICKEN,subscription,1,127.2,paid,fulfilled
DASH-2695,2025-04-14T12:08:00Z,FRESH-8LB-BEEF-CHICKEN,subscription,1,127.2,paid,fulfilled
DASH-2696,2025-04-14T13:15:00Z,FRESH-8LB-BEEF-CHICKEN,subscription,1,127.2,paid,fulfilled
DASH-2697,2025-04-14T14:22:00Z,FRESH-8LB-BEEF-CHICKEN,subscription,1,127.2,paid,fulfilled
DASH-2698,2025-04-14T15:29:00Z,FRESH-8LB-BEEF-CHICKEN,subscription,1,127.2,paid,fulfilled
DASH-2699,2025-04-14T16:36:00Z,FRESH-8LB-BEEF-CHICKEN,subscription,1,127.2,paid,fulfilled
DASH-2700,2025-04-14T17:43:00Z,FRESH-8LB-BEEF-CHICKEN,subscription,2,254.4,paid,fulfilled
DASH-2701,2025-04-15T08:00:00Z,FRESH-8LB-BEEF-CHICKEN,trial,1,34.5,paid,fulfilled
DASH-2702,2025-04-15T09:07:00Z,FRESH-8LB-BEEF-CHICKEN,trial,1,34.5,paid,fulfilled
DASH-2703,2025-04-15T10:14:00Z,FRESH-8LB-BEEF-CHICKEN,trial,1,34.5,paid,fulfilled
DASH-2704,2025-04-15T11:21:00Z,FRESH-8LB-BEEF-CHICKEN,subscription,2,254.4,paid,fulfilled
DASH-2705,2025-04-15T12:28:00Z,FRESH-8LB-BEEF-CHICKEN,subscription,1,127.2,paid,fulfilled
DASH-2706,2025-04-15T13:35:00Z,FRESH-8LB-BEEF-CHICKEN,subscription,1,127.2,paid,fulfilled
DASH-2707,2025-04-15T14:42:00Z,FRESH-8LB-BEEF-CHICKEN,subscription,1,127.2,paid,fulfilled
DASH-2708,2025-04-15T15:49:00Z,FRESH-8LB-BEEF-CHICKEN,subscription,1,127.2,paid,fulfilled
DASH-2709,2025-04-15T16:56:00Z,FRESH-8LB-BEEF-CHICKEN,subscription,1,127.2,paid,fulfilled
DASH-2710,2025-04-15T17:03:00Z,FRESH-8LB-BEEF-CHICKEN,subscription,1,127.2,paid,fulfilled
DASH-2711,2025-04-15T08:10:00Z,FRESH-8LB-BEEF-CHICKEN,trial,1,34.5,paid,fulfilled
DASH-2712,2025-04-15T09:17:00Z,FRESH-8LB-BEEF-CHICKEN,trial,1,34.5,paid,fulfilled
DASH-2713,2025-04-15T10:24:00Z,FRESH-8LB-BEEF-CHICKEN,trial,1,34.5,paid,fulfilled
DASH-2714,2025-04-15T11:31:00Z,FRESH-8LB-BEEF-CHICKEN,subscription,1,127.2,paid,fulfilled
DASH-2715,2025-04-15T12:38:00Z,FRESH-8LB-BEEF-CHICKEN,subscription,1,127.2,paid,fulfilled
DASH-2716,2025-04-15T13:45:00Z,FRESH-8LB-BEEF-CHICKEN,subscription,1,127.2,paid,fulfilled
DASH-2717,2025-04-15T14:52:00Z,FRESH-8LB-BEEF-CHICKEN,subscription,1,127.2,paid,fulfilled
DASH-2718,2025-04-15T15:59:00Z,FRESH-8LB-BEEF-CHICKEN,subscription,1,127.2,paid,fulfilled
DASH-2719,2025-04-15T16:06:00Z,FRESH-8LB-BEEF-CHICKEN,subscription,1,127.2,paid,fulfilled
DASH-2720,2025-04-15T17:13:00Z,FRESH-8LB-BEEF-CHICKEN,subscription,1,127.2,paid,fulfilled
DASH-2721,2025-04-15T08:20:00Z,FRESH-8LB-BEEF-CHICKEN,trial,1,34.5,paid,fulfilled
DASH-2722,2025-04-15T09:27:00Z,FRESH-8LB-BEEF-CHICKEN,trial,1,34.5,paid,fulfilled
DASH-2723,2025-04-15T10:34:00Z,FRESH-8LB-BEEF-CHICKEN,trial,1,34.5,paid,fulfilled
DASH-2724,2025-04-15T11:41:00Z,FRESH-8LB-BEEF-CHICKEN,subscription,1,127.2,paid,fulfilled
DASH-2725,2025-04-15T12:48:00Z,FRESH-8LB-BEEF-CHICKEN,subscription,1,127.2,paid,fulfilled
DASH-2726,2025-04-15T13:55:00Z,FRESH-8LB-BEEF-CHICKEN,subscription,1,127.2,paid,fulfilled
DASH-2727,2025-04-15T14:02:00Z,FRESH-8LB-BEEF-CHICKEN,subscription,1,127.2,paid,fulfilled
DASH-2728,2025-04-15T15:09:00Z,FRESH-8LB-BEEF-CHICKEN,subscription,1,127.2,paid,fulfilled
DASH-2729,2025-04-15T16:16:00Z,FRESH-8LB-BEEF-CHICKEN,subscription,1,127.2,paid,fulfilled
DASH-2730,2025-04-15T17:23:00Z,FRESH-8LB-BEEF-CHICKEN,subscription,1,127.2,paid,fulfilled
DASH-2731,2025-04-15T08:30:00Z,FRESH-8LB-BEEF-CHICKEN,trial,1,34.5,paid,fulfilled
DASH-2732,2025-04-15T09:37:00Z,FRESH-8LB-BEEF-CHICKEN,trial,1,34.5,paid,fulfilled
DASH-2733,2025-04-15T10:44:00Z,FRESH-8LB-BEEF-CHICKEN,trial,1,34.5,paid,fulfilled
DASH-2734,2025-04-15T11:51:00Z,FRESH-8LB-BEEF-CHICKEN,subscription,1,127.2,paid,fulfilled
DASH-2735,2025-04-15T12:58:00Z,FRESH-8LB-BEEF-CHICKEN,subscription,1,127.2,paid,fulfilled
DASH-2736,2025-04-15T13:05:00Z,FRESH-8LB-BEEF-CHICKEN,subscription,1,127.2,paid,fulfilled
DASH-2737,2025-04-15T14:12:00Z,FRESH-8LB-BEEF-CHICKEN,subscription,1,127.2,paid,fulfilled
DASH-2738,2025-04-15T15:19:00Z,FRESH-8LB-BEEF-CHICKEN,subscription,1,127.2,paid,fulfilled
DASH-2739,2025-04-15T16:26:00Z,FRESH-8LB-BEEF-CHICKEN,subscription,1,127.2,paid,fulfilled
DASH-2740,2025-04-15T17:33:00Z,FRESH-8LB-BEEF-CHICKEN,subscription,2,254.4,paid,fulfilled
DASH-2741,2025-04-15T08:40:00Z,FRESH-8LB-BEEF-CHICKEN,trial,1,34.5,paid,fulfilled
DASH-2742,2025-04-15T09:47:00Z,FRESH-8LB-BEEF-CHICKEN,trial,1,34.5,paid,fulfilled
DASH-2743,2025-04-15T10:54:00Z,FRESH-8LB-BEEF-CHICKEN,trial,1,34.5,paid,fulfilled
DASH-2744,2025-04-15T11:01:00Z,FRESH-8LB-BEEF-CHICKEN,subscription,1,127.2,paid,fulfilled
DASH-2745,2025-04-15T12:08:00Z,FRESH-8LB-BEEF-CHICKEN,subscription,1,127.2,paid,fulfilled
DASH-2746,2025-04-15T13:15:00Z,FRESH-8LB-BEEF-CHICKEN,subscription,1,127.2,paid,fulfilled
DASH-2747,2025-04-15T14:22:00Z,FRESH-8LB-BEEF-CHICKEN,subscription,1,127.2,paid,fulfilled
DASH-2748,2025-04-15T15:29:00Z,FRESH-8LB-BEEF-CHICKEN,subscription,1,127.2,paid,fulfilled
DASH-2749,2025-04-15T16:36:00Z,FRESH-8LB-BEEF-CHICKEN,subscription,2,254.4,paid,fulfilled
DASH-2750,2025-04-15T17:43:00Z,FRESH-8LB-BEEF-CHICKEN,subscription,1,127.2,paid,fulfilled
DASH-2751,2025-04-15T08:50:00Z,FRESH-8LB-BEEF-CHICKEN,trial,1,34.5,paid,fulfilled
DASH-2752,2025-04-15T09:57:00Z,FRESH-8LB-BEEF-CHICKEN,trial,1,34.5,paid,fulfilled
DASH-2753,2025-04-15T10:04:00Z,FRESH-8LB-BEEF-CHICKEN,trial,1,34.5,paid,fulfilled
DASH-2754,2025-04-15T11:11:00Z,FRESH-8LB-BEEF-CHICKEN,subscription,1,127.2,paid,fulfilled
DASH-2755,2025-04-15T12:18:00Z,FRESH-8LB-BEEF-CHICKEN,subscription,1,127.2,paid,fulfilled
DASH-2756,2025-04-15T13:25:00Z,FRESH-8LB-BEEF-CHICKEN,subscription,1,127.2,paid,fulfilled
DASH-2757,2025-04-15T14:32:00Z,FRESH-8LB-BEEF-CHICKEN,subscription,1,127.2,paid,fulfilled
DASH-2758,2025-04-15T15:39:00Z,FRESH-8LB-BEEF-CHICKEN,subscription,2,254.4,paid,fulfilled
DASH-2759,2025-04-16T08:00:00Z,FRESH-8LB-BEEF-CHICKEN,subscription,1,127.2,paid,fulfilled
DASH-2760,2025-04-16T09:07:00Z,FRESH-8LB-BEEF-CHICKEN,subscription,1,127.2,paid,fulfilled
DASH-2761,2025-04-16T10:14:00Z,FRESH-8LB-BEEF-CHICKEN,trial,1,34.5,paid,fulfilled
DASH-2762,2025-04-16T11:21:00Z,FRESH-8LB-BEEF-CHICKEN,trial,1,34.5,paid,fulfilled
DASH-2763,2025-04-16T12:28:00Z,FRESH-8LB-BEEF-CHICKEN,trial,1,34.5,paid,fulfilled
DASH-2764,2025-04-16T13:35:00Z,FRESH-8LB-BEEF-CHICKEN,subscription,1,127.2,paid,fulfilled
DASH-2765,2025-04-16T14:42:00Z,FRESH-8LB-BEEF-CHICKEN,subscription,1,127.2,paid,fulfilled
DASH-2766,2025-04-16T15:49:00Z,FRESH-8LB-BEEF-CHICKEN,subscription,1,127.2,paid,fulfilled
DASH-2767,2025-04-16T16:56:00Z,FRESH-8LB-BEEF-CHICKEN,subscription,1,127.2,paid,fulfilled
DASH-2768,2025-04-16T17:03:00Z,FRESH-8LB-BEEF-CHICKEN,subscription,1,127.2,paid,fulfilled
DASH-2769,2025-04-16T08:10:00Z,FRESH-8LB-BEEF-CHICKEN,subscription,1,127.2,paid,fulfilled
DASH-2770,2025-04-16T09:17:00Z,FRESH-8LB-BEEF-CHICKEN,subscription,2,254.4,paid,fulfilled
DASH-2771,2025-04-16T10:24:00Z,FRESH-8LB-BEEF-CHICKEN,trial,1,34.5,paid,fulfilled
DASH-2772,2025-04-16T11:31:00Z,FRESH-8LB-BEEF-CHICKEN,trial,1,34.5,paid,fulfilled
DASH-2773,2025-04-16T12:38:00Z,FRESH-8LB-BEEF-CHICKEN,trial,1,34.5,paid,fulfilled
DASH-2774,2025-04-16T13:45:00Z,FRESH-8LB-BEEF-CHICKEN,subscription,1,127.2,paid,fulfilled
DASH-2775,2025-04-16T14:52:00Z,FRESH-8LB-BEEF-CHICKEN,subscription,1,127.2,paid,fulfilled
DASH-2776,2025-04-16T15:59:00Z,FRESH-8LB-BEEF-CHICKEN,subscription,1,127.2,paid,fulfilled
DASH-2777,2025-04-16T16:06:00Z,FRESH-8LB-BEEF-CHICKEN,subscription,1,127.2,paid,fulfilled
DASH-2778,2025-04-16T17:13:00Z,FRESH-8LB-BEEF-CHICKEN,subscription,1,127.2,paid,fulfilled
DASH-2779,2025-04-16T08:20:00Z,FRESH-8LB-BEEF-CHICKEN,subscription,2,254.4,paid,fulfilled
DASH-2780,2025-04-16T09:27:00Z,FRESH-8LB-BEEF-CHICKEN,subscription,1,127.2,paid,fulfilled
DASH-2781,2025-04-16T10:34:00Z,FRESH-8LB-BEEF-CHICKEN,trial,1,34.5,paid,fulfilled
DASH-2782,2025-04-16T11:41:00Z,FRESH-8LB-BEEF-CHICKEN,trial,1,34.5,paid,fulfilled
DASH-2783,2025-04-16T12:48:00Z,FRESH-8LB-BEEF-CHICKEN,trial,1,34.5,paid,fulfilled
DASH-2784,2025-04-16T13:55:00Z,FRESH-8LB-BEEF-CHICKEN,subscription,1,127.2,paid,fulfilled
DASH-2785,2025-04-16T14:02:00Z,FRESH-8LB-BEEF-CHICKEN,subscription,1,127.2,paid,fulfilled
DASH-2786,2025-04-16T15:09:00Z,FRESH-8LB-BEEF-CHICKEN,subscription,1,127.2,paid,fulfilled
DASH-2787,2025-04-16T16:16:00Z,FRESH-8LB-BEEF-CHICKEN,subscription,1,127.2,paid,fulfilled
DASH-2788,2025-04-16T17:23:00Z,FRESH-8LB-BEEF-CHICKEN,subscription,2,254.4,paid,fulfilled
DASH-2789,2025-04-16T08:30:00Z,FRESH-8LB-BEEF-CHICKEN,subscription,1,127.2,paid,fulfilled
DASH-2790,2025-04-16T09:37:00Z,FRESH-8LB-BEEF-CHICKEN,subscription,1,127.2,paid,fulfilled
DASH-2791,2025-04-16T10:44:00Z,FRESH-8LB-BEEF-CHICKEN,trial,1,34.5,paid,fulfilled
DASH-2792,2025-04-16T11:51:00Z,FRESH-8LB-BEEF-CHICKEN,trial,1,34.5,paid,fulfilled
DASH-2793,2025-04-16T12:58:00Z,FRESH-8LB-BEEF-CHICKEN,trial,1,34.5,paid,fulfilled
DASH-2794,2025-04-16T13:05:00Z,FRESH-8LB-BEEF-CHICKEN,subscription,1,127.2,paid,fulfilled
DASH-2795,2025-04-16T14:12:00Z,FRESH-8LB-BEEF-CHICKEN,subscription,1,127.2,paid,fulfilled
DASH-2796,2025-04-16T15:19:00Z,FRESH-8LB-BEEF-CHICKEN,subscription,1,127.2,paid,fulfilled
DASH-2797,2025-04-16T16:26:00Z,FRESH-8LB-BEEF-CHICKEN,subscription,2,254.4,paid,fulfilled
DASH-2798,2025-04-16T17:33:00Z,FRESH-8LB-BEEF-CHICKEN,subscription,1,127.2,paid,fulfilled
DASH-2799,2025-04-16T08:40:00Z,FRESH-8LB-BEEF-CHICKEN,subscription,1,127.2,paid,fulfilled
DASH-2800,2025-04-16T09:47:00Z,FRESH-8LB-BEEF-CHICKEN,subscription,1,127.2,paid,fulfilled
DASH-2801,2025-04-16T10:54:00Z,FRESH-8LB-BEEF-CHICKEN,trial,1,34.5,paid,fulfilled
DASH-2802,2025-04-16T11:01:00Z,FRESH-8LB-BEEF-CHICKEN,trial,1,34.5,paid,fulfilled
DASH-2803,2025-04-16T12:08:00Z,FRESH-8LB-BEEF-CHICKEN,trial,1,34.5,paid,fulfilled
DASH-2804,2025-04-16T13:15:00Z,FRESH-8LB-BEEF-CHICKEN,subscription,1,127.2,paid,fulfilled
DASH-2805,2025-04-16T14:22:00Z,FRESH-8LB-BEEF-CHICKEN,subscription,1,127.2,paid,fulfilled
DASH-2806,2025-04-16T15:29:00Z,FRESH-8LB-BEEF-CHICKEN,subscription,2,254.4,paid,fulfilled
DASH-2807,2025-04-16T16:36:00Z,FRESH-8LB-BEEF-CHICKEN,subscription,1,127.2,paid,fulfilled
DASH-2808,2025-04-16T17:43:00Z,FRESH-8LB-BEEF-CHICKEN,subscription,1,127.2,paid,fulfilled
DASH-2809,2025-04-17T08:00:00Z,FRESH-8LB-BEEF-CHICKEN,subscription,1,127.2,paid,fulfilled
DASH-2810,2025-04-17T09:07:00Z,FRESH-8LB-BEEF-CHICKEN,subscription,2,254.4,paid,fulfilled
DASH-2811,2025-04-17T10:14:00Z,FRESH-8LB-BEEF-CHICKEN,trial,1,34.5,paid,fulfilled
DASH-2812,2025-04-17T11:21:00Z,FRESH-8LB-BEEF-CHICKEN,trial,1,34.5,paid,fulfilled
DASH-2813,2025-04-17T12:28:00Z,FRESH-8LB-BEEF-CHICKEN,trial,1,34.5,paid,fulfilled
DASH-2814,2025-04-17T13:35:00Z,FRESH-8LB-BEEF-CHICKEN,subscription,1,127.2,paid,fulfilled
DASH-2815,2025-04-17T14:42:00Z,FRESH-8LB-BEEF-CHICKEN,subscription,1,127.2,paid,fulfilled
DASH-2816,2025-04-17T15:49:00Z,FRESH-8LB-BEEF-CHICKEN,subscription,1,127.2,paid,fulfilled
DASH-2817,2025-04-17T16:56:00Z,FRESH-8LB-BEEF-CHICKEN,subscription,1,127.2,paid,fulfilled
DASH-2818,2025-04-17T17:03:00Z,FRESH-8LB-BEEF-CHICKEN,subscription,1,127.2,paid,fulfilled
DASH-2819,2025-04-17T08:10:00Z,FRESH-8LB-BEEF-CHICKEN,subscription,2,254.4,paid,fulfilled
DASH-2820,2025-04-17T09:17:00Z,FRESH-8LB-BEEF-CHICKEN,subscription,1,127.2,paid,fulfilled
DASH-2821,2025-04-17T10:24:00Z,FRESH-8LB-BEEF-CHICKEN,trial,1,34.5,paid,fulfilled
DASH-2822,2025-04-17T11:31:00Z,FRESH-8LB-BEEF-CHICKEN,trial,1,34.5,paid,fulfilled
DASH-2823,2025-04-17T12:38:00Z,FRESH-8LB-BEEF-CHICKEN,trial,1,34.5,paid,fulfilled
DASH-2824,2025-04-17T13:45:00Z,FRESH-8LB-BEEF-CHICKEN,subscription,1,127.2,paid,fulfilled
DASH-2825,2025-04-17T14:52:00Z,FRESH-8LB-BEEF-CHICKEN,subscription,1,127.2,paid,fulfilled
DASH-2826,2025-04-17T15:59:00Z,FRESH-8LB-BEEF-CHICKEN,subscription,1,127.2,paid,fulfilled
DASH-2827,2025-04-17T16:06:00Z,FRESH-8LB-BEEF-CHICKEN,subscription,1,127.2,paid,fulfilled
DASH-2828,2025-04-17T17:13:00Z,FRESH-8LB-BEEF-CHICKEN,subscription,2,254.4,paid,fulfilled
DASH-2829,2025-04-17T08:20:00Z,FRESH-8LB-BEEF-CHICKEN,subscription,1,127.2,paid,fulfilled
DASH-2830,2025-04-17T09:27:00Z,FRESH-8LB-BEEF-CHICKEN,subscription,1,127.2,paid,fulfilled
DASH-2831,2025-04-17T10:34:00Z,FRESH-8LB-BEEF-CHICKEN,trial,1,34.5,paid,fulfilled
DASH-2832,2025-04-17T11:41:00Z,FRESH-8LB-BEEF-CHICKEN,trial,1,34.5,paid,fulfilled
DASH-2833,2025-04-17T12:48:00Z,FRESH-8LB-BEEF-CHICKEN,trial,1,34.5,paid,fulfilled
DASH-2834,2025-04-17T13:55:00Z,FRESH-8LB-BEEF-CHICKEN,subscription,1,127.2,paid,fulfilled
DASH-2835,2025-04-17T14:02:00Z,FRESH-8LB-BEEF-CHICKEN,subscription,1,127.2,paid,fulfilled
DASH-2836,2025-04-17T15:09:00Z,FRESH-8LB-BEEF-CHICKEN,subscription,1,127.2,paid,fulfilled
DASH-2837,2025-04-17T16:16:00Z,FRESH-8LB-BEEF-CHICKEN,subscription,2,254.4,paid,fulfilled
DASH-2838,2025-04-17T17:23:00Z,FRESH-8LB-BEEF-CHICKEN,subscription,1,127.2,paid,fulfilled
DASH-2839,2025-04-17T08:30:00Z,FRESH-8LB-BEEF-CHICKEN,subscription,1,127.2,paid,fulfilled
DASH-2840,2025-04-17T09:37:00Z,FRESH-8LB-BEEF-CHICKEN,subscription,1,127.2,paid,fulfilled
DASH-2841,2025-04-17T10:44:00Z,FRESH-8LB-BEEF-CHICKEN,trial,1,34.5,paid,fulfilled
DASH-2842,2025-04-17T11:51:00Z,FRESH-8LB-BEEF-CHICKEN,trial,1,34.5,paid,fulfilled
DASH-2843,2025-04-17T12:58:00Z,FRESH-8LB-BEEF-CHICKEN,trial,1,34.5,paid,fulfilled
DASH-2844,2025-04-17T13:05:00Z,FRESH-8LB-BEEF-CHICKEN,subscription,1,127.2,paid,fulfilled
DASH-2845,2025-04-17T14:12:00Z,FRESH-8LB-BEEF-CHICKEN,subscription,1,127.2,paid,fulfilled
DASH-2846,2025-04-17T15:19:00Z,FRESH-8LB-BEEF-CHICKEN,subscription,2,254.4,paid,fulfilled
DASH-2847,2025-04-17T16:26:00Z,FRESH-8LB-BEEF-CHICKEN,subscription,1,127.2,paid,fulfilled
DASH-2848,2025-04-17T17:33:00Z,FRESH-8LB-BEEF-CHICKEN,subscription,1,127.2,paid,fulfilled
DASH-2849,2025-04-17T08:40:00Z,FRESH-8LB-BEEF-CHICKEN,subscription,1,127.2,paid,fulfilled
DASH-2850,2025-04-17T09:47:00Z,FRESH-8LB-BEEF-CHICKEN,subscription,1,127.2,paid,fulfilled
DASH-2851,2025-04-17T10:54:00Z,FRESH-8LB-BEEF-CHICKEN,trial,1,34.5,paid,fulfilled
DASH-2852,2025-04-17T11:01:00Z,FRESH-8LB-BEEF-CHICKEN,trial,1,34.5,paid,fulfilled
DASH-2853,2025-04-17T12:08:00Z,FRESH-8LB-BEEF-CHICKEN,trial,1,34.5,paid,fulfilled
DASH-2854,2025-04-17T13:15:00Z,FRESH-8LB-BEEF-CHICKEN,subscription,1,127.2,paid,fulfilled
DASH-2855,2025-04-17T14:22:00Z,FRESH-8LB-BEEF-CHICKEN,subscription,2,254.4,paid,fulfilled
DASH-2856,2025-04-17T15:29:00Z,FRESH-8LB-BEEF-CHICKEN,subscription,1,127.2,paid,fulfilled
DASH-2857,2025-04-17T16:36:00Z,FRESH-8LB-BEEF-CHICKEN,subscription,1,127.2,paid,fulfilled
DASH-2858,2025-04-17T17:43:00Z,FRESH-8LB-BEEF-CHICKEN,subscription,1,127.2,paid,fulfilled
DASH-2859,2025-04-18T08:00:00Z,FRESH-8LB-BEEF-CHICKEN,subscription,2,254.4,paid,fulfilled
DASH-2860,2025-04-18T09:07:00Z,FRESH-8LB-BEEF-CHICKEN,subscription,1,127.2,paid,fulfilled
DASH-2861,2025-04-18T10:14:00Z,FRESH-8LB-BEEF-CHICKEN,trial,1,34.5,paid,fulfilled
DASH-2862,2025-04-18T11:21:00Z,FRESH-8LB-BEEF-CHICKEN,trial,1,34.5,paid,fulfilled
DASH-2863,2025-04-18T12:28:00Z,FRESH-8LB-BEEF-CHICKEN,trial,1,34.5,paid,fulfilled
DASH-2864,2025-04-18T13:35:00Z,FRESH-8LB-BEEF-CHICKEN,subscription,1,127.2,paid,fulfilled
DASH-2865,2025-04-18T14:42:00Z,FRESH-8LB-BEEF-CHICKEN,subscription,1,127.2,paid,fulfilled
DASH-2866,2025-04-18T15:49:00Z,FRESH-8LB-BEEF-CHICKEN,subscription,1,127.2,paid,fulfilled
DASH-2867,2025-04-18T16:56:00Z,FRESH-8LB-BEEF-CHICKEN,subscription,1,127.2,paid,fulfilled
DASH-2868,2025-04-18T17:03:00Z,FRESH-8LB-BEEF-CHICKEN,subscription,2,254.4,paid,fulfilled
DASH-2869,2025-04-18T08:10:00Z,FRESH-8LB-BEEF-CHICKEN,subscription,1,127.2,paid,fulfilled
DASH-2870,2025-04-18T09:17:00Z,FRESH-8LB-BEEF-CHICKEN,subscription,1,127.2,paid,fulfilled
DASH-2871,2025-04-18T10:24:00Z,FRESH-8LB-BEEF-CHICKEN,trial,1,34.5,paid,fulfilled
DASH-2872,2025-04-18T11:31:00Z,FRESH-8LB-BEEF-CHICKEN,trial,1,34.5,paid,fulfilled
DASH-2873,2025-04-18T12:38:00Z,FRESH-8LB-BEEF-CHICKEN,trial,1,34.5,paid,fulfilled
DASH-2874,2025-04-18T13:45:00Z,FRESH-8LB-BEEF-CHICKEN,subscription,1,127.2,paid,fulfilled
DASH-2875,2025-04-18T14:52:00Z,FRESH-8LB-BEEF-CHICKEN,subscription,1,127.2,paid,fulfilled
DASH-2876,2025-04-18T15:59:00Z,FRESH-8LB-BEEF-CHICKEN,subscription,1,127.2,paid,fulfilled
DASH-2877,2025-04-18T16:06:00Z,FRESH-8LB-BEEF-CHICKEN,subscription,2,254.4,paid,fulfilled
DASH-2878,2025-04-18T17:13:00Z,FRESH-8LB-BEEF-CHICKEN,subscription,1,127.2,paid,fulfilled
DASH-2879,2025-04-18T08:20:00Z,FRESH-8LB-BEEF-CHICKEN,subscription,1,127.2,paid,fulfilled
DASH-2880,2025-04-18T09:27:00Z,FRESH-8LB-BEEF-CHICKEN,subscription,1,127.2,paid,fulfilled
DASH-2881,2025-04-18T10:34:00Z,FRESH-8LB-BEEF-CHICKEN,trial,1,34.5,paid,fulfilled
DASH-2882,2025-04-18T11:41:00Z,FRESH-8LB-BEEF-CHICKEN,trial,1,34.5,paid,fulfilled
DASH-2883,2025-04-18T12:48:00Z,FRESH-8LB-BEEF-CHICKEN,trial,1,34.5,paid,fulfilled
DASH-2884,2025-04-18T13:55:00Z,FRESH-8LB-BEEF-CHICKEN,subscription,1,127.2,paid,fulfilled
DASH-2885,2025-04-18T14:02:00Z,FRESH-8LB-BEEF-CHICKEN,subscription,1,127.2,paid,fulfilled
DASH-2886,2025-04-18T15:09:00Z,FRESH-8LB-BEEF-CHICKEN,subscription,2,254.4,paid,fulfilled
DASH-2887,2025-04-18T16:16:00Z,FRESH-8LB-BEEF-CHICKEN,subscription,1,127.2,paid,fulfilled
DASH-2888,2025-04-18T17:23:00Z,FRESH-8LB-BEEF-CHICKEN,subscription,1,127.2,paid,fulfilled
DASH-2889,2025-04-18T08:30:00Z,FRESH-8LB-BEEF-CHICKEN,subscription,1,127.2,paid,fulfilled
DASH-2890,2025-04-18T09:37:00Z,FRESH-8LB-BEEF-CHICKEN,subscription,1,127.2,paid,fulfilled
DASH-2891,2025-04-18T10:44:00Z,FRESH-8LB-BEEF-CHICKEN,trial,1,34.5,paid,fulfilled
DASH-2892,2025-04-18T11:51:00Z,FRESH-8LB-BEEF-CHICKEN,trial,1,34.5,paid,fulfilled
DASH-2893,2025-04-18T12:58:00Z,FRESH-8LB-BEEF-CHICKEN,trial,1,34.5,paid,fulfilled
DASH-2894,2025-04-18T13:05:00Z,FRESH-8LB-BEEF-CHICKEN,subscription,1,127.2,paid,fulfilled
DASH-2895,2025-04-18T14:12:00Z,FRESH-8LB-BEEF-CHICKEN,subscription,2,254.4,paid,fulfilled
DASH-2896,2025-04-18T15:19:00Z,FRESH-8LB-BEEF-CHICKEN,subscription,1,127.2,paid,fulfilled
DASH-2897,2025-04-18T16:26:00Z,FRESH-8LB-BEEF-CHICKEN,subscription,1,127.2,paid,fulfilled
DASH-2898,2025-04-18T17:33:00Z,FRESH-8LB-BEEF-CHICKEN,subscription,1,127.2,paid,fulfilled
DASH-2899,2025-04-18T08:40:00Z,FRESH-8LB-BEEF-CHICKEN,subscription,1,127.2,paid,fulfilled
DASH-2900,2025-04-18T09:47:00Z,FRESH-8LB-BEEF-CHICKEN,subscription,1,127.2,paid,fulfilled
DASH-2901,2025-04-18T10:54:00Z,FRESH-8LB-BEEF-CHICKEN,trial,1,34.5,paid,fulfilled
DASH-2902,2025-04-18T11:01:00Z,FRESH-8LB-BEEF-CHICKEN,trial,1,34.5,paid,fulfilled
DASH-2903,2025-04-18T12:08:00Z,FRESH-8LB-BEEF-CHICKEN,trial,1,34.5,paid,fulfilled
DASH-2904,2025-04-18T13:15:00Z,FRESH-8LB-BEEF-CHICKEN,subscription,2,254.4,paid,fulfilled
DASH-2905,2025-04-18T14:22:00Z,FRESH-8LB-BEEF-CHICKEN,subscription,1,127.2,paid,fulfilled
DASH-2906,2025-04-18T15:29:00Z,FRESH-8LB-BEEF-CHICKEN,subscription,1,127.2,paid,fulfilled
DASH-2907,2025-04-18T16:36:00Z,FRESH-8LB-BEEF-CHICKEN,subscription,1,127.2,paid,fulfilled
DASH-2908,2025-04-18T17:43:00Z,FRESH-8LB-BEEF-CHICKEN,subscription,1,127.2,paid,fulfilled
DASH-2909,2025-04-19T08:00:00Z,FRESH-8LB-BEEF-CHICKEN,subscription,1,127.2,paid,fulfilled
DASH-2910,2025-04-19T09:07:00Z,FRESH-8LB-BEEF-CHICKEN,subscription,1,127.2,paid,fulfilled
DASH-2911,2025-04-19T10:14:00Z,FRESH-8LB-BEEF-CHICKEN,trial,1,34.5,paid,fulfilled
DASH-2912,2025-04-19T11:21:00Z,FRESH-8LB-BEEF-CHICKEN,trial,1,34.5,paid,fulfilled
DASH-2913,2025-04-19T12:28:00Z,FRESH-8LB-BEEF-CHICKEN,trial,1,34.5,paid,fulfilled
DASH-2914,2025-04-19T13:35:00Z,FRESH-8LB-BEEF-CHICKEN,subscription,1,127.2,paid,fulfilled
DASH-2915,2025-04-19T14:42:00Z,FRESH-8LB-BEEF-CHICKEN,subscription,1,127.2,paid,fulfilled
DASH-2916,2025-04-19T15:49:00Z,FRESH-8LB-BEEF-CHICKEN,subscription,1,127.2,paid,fulfilled
DASH-2917,2025-04-19T16:56:00Z,FRESH-8LB-BEEF-CHICKEN,subscription,2,254.4,paid,fulfilled
DASH-2918,2025-04-19T17:03:00Z,FRESH-8LB-BEEF-CHICKEN,subscription,1,127.2,paid,fulfilled
DASH-2919,2025-04-19T08:10:00Z,FRESH-8LB-BEEF-CHICKEN,subscription,1,127.2,paid,fulfilled
DASH-2920,2025-04-19T09:17:00Z,FRESH-8LB-BEEF-CHICKEN,subscription,1,127.2,paid,fulfilled
DASH-2921,2025-04-19T10:24:00Z,FRESH-8LB-BEEF-CHICKEN,trial,1,34.5,paid,fulfilled
DASH-2922,2025-04-19T11:31:00Z,FRESH-8LB-BEEF-CHICKEN,trial,1,34.5,paid,fulfilled
DASH-2923,2025-04-19T12:38:00Z,FRESH-8LB-BEEF-CHICKEN,trial,1,34.5,paid,fulfilled
DASH-2924,2025-04-19T13:45:00Z,FRESH-8LB-BEEF-CHICKEN,subscription,1,127.2,paid,fulfilled
DASH-2925,2025-04-19T14:52:00Z,FRESH-8LB-BEEF-CHICKEN,subscription,1,127.2,paid,fulfilled
DASH-2926,2025-04-19T15:59:00Z,FRESH-8LB-BEEF-CHICKEN,subscription,2,254.4,paid,fulfilled
DASH-2927,2025-04-19T16:06:00Z,FRESH-8LB-BEEF-CHICKEN,subscription,1,127.2,paid,fulfilled
DASH-2928,2025-04-19T17:13:00Z,FRESH-8LB-BEEF-CHICKEN,subscription,1,127.2,paid,fulfilled
DASH-2929,2025-04-19T08:20:00Z,FRESH-8LB-BEEF-CHICKEN,subscription,1,127.2,paid,fulfilled
DASH-2930,2025-04-19T09:27:00Z,FRESH-8LB-BEEF-CHICKEN,subscription,1,127.2,paid,fulfilled
DASH-2931,2025-04-19T10:34:00Z,FRESH-8LB-BEEF-CHICKEN,trial,1,34.5,paid,fulfilled
DASH-2932,2025-04-19T11:41:00Z,FRESH-8LB-BEEF-CHICKEN,trial,1,34.5,paid,fulfilled
DASH-2933,2025-04-19T12:48:00Z,FRESH-8LB-BEEF-CHICKEN,trial,1,34.5,paid,fulfilled
DASH-2934,2025-04-19T13:55:00Z,FRESH-8LB-BEEF-CHICKEN,subscription,1,127.2,paid,fulfilled
DASH-2935,2025-04-19T14:02:00Z,FRESH-8LB-BEEF-CHICKEN,subscription,2,254.4,paid,fulfilled
DASH-2936,2025-04-19T15:09:00Z,FRESH-8LB-BEEF-CHICKEN,subscription,1,127.2,paid,fulfilled
DASH-2937,2025-04-19T16:16:00Z,FRESH-8LB-BEEF-CHICKEN,subscription,1,127.2,paid,fulfilled
DASH-2938,2025-04-19T17:23:00Z,FRESH-8LB-BEEF-CHICKEN,subscription,1,127.2,paid,fulfilled
DASH-2939,2025-04-19T08:30:00Z,FRESH-8LB-BEEF-CHICKEN,subscription,1,127.2,paid,fulfilled
DASH-2940,2025-04-19T09:37:00Z,FRESH-8LB-BEEF-CHICKEN,subscription,1,127.2,paid,fulfilled
DASH-2941,2025-04-19T10:44:00Z,FRESH-8LB-BEEF-CHICKEN,trial,1,34.5,paid,fulfilled
DASH-2942,2025-04-19T11:51:00Z,FRESH-8LB-BEEF-CHICKEN,trial,1,34.5,paid,fulfilled
DASH-2943,2025-04-19T12:58:00Z,FRESH-8LB-BEEF-CHICKEN,trial,1,34.5,paid,fulfilled
DASH-2944,2025-04-19T13:05:00Z,FRESH-8LB-BEEF-CHICKEN,subscription,2,254.4,paid,fulfilled
DASH-2945,2025-04-19T14:12:00Z,FRESH-8LB-BEEF-CHICKEN,subscription,1,127.2,paid,fulfilled
DASH-2946,2025-04-19T15:19:00Z,FRESH-8LB-BEEF-CHICKEN,subscription,1,127.2,paid,fulfilled
DASH-2947,2025-04-19T16:26:00Z,FRESH-8LB-BEEF-CHICKEN,subscription,1,127.2,paid,fulfilled
DASH-2948,2025-04-19T17:33:00Z,FRESH-8LB-BEEF-CHICKEN,subscription,1,127.2,paid,fulfilled
DASH-2949,2025-04-19T08:40:00Z,FRESH-8LB-BEEF-CHICKEN,subscription,1,127.2,paid,fulfilled
DASH-2950,2025-04-19T09:47:00Z,FRESH-8LB-BEEF-CHICKEN,subscription,1,127.2,paid,fulfilled
DASH-2951,2025-04-19T10:54:00Z,FRESH-8LB-BEEF-CHICKEN,trial,1,34.5,paid,fulfilled
DASH-2952,2025-04-19T11:01:00Z,FRESH-8LB-BEEF-CHICKEN,trial,1,34.5,paid,fulfilled
DASH-2953,2025-04-19T12:08:00Z,FRESH-8LB-BEEF-CHICKEN,trial,1,34.5,paid,fulfilled
DASH-2954,2025-04-19T13:15:00Z,FRESH-8LB-BEEF-CHICKEN,subscription,1,127.2,paid,fulfilled
DASH-2955,2025-04-19T14:22:00Z,FRESH-8LB-BEEF-CHICKEN,subscription,1,127.2,paid,fulfilled
DASH-2956,2025-04-19T15:29:00Z,FRESH-8LB-BEEF-CHICKEN,subscription,1,127.2,paid,fulfilled
DASH-2957,2025-04-19T16:36:00Z,FRESH-8LB-BEEF-CHICKEN,subscription,1,127.2,paid,fulfilled
DASH-2958,2025-04-19T17:43:00Z,FRESH-8LB-BEEF-CHICKEN,subscription,1,127.2,paid,fulfilled
DASH-2959,2025-04-20T08:00:00Z,FRESH-8LB-BEEF-CHICKEN,subscription,1,127.2,paid,fulfilled
DASH-2960,2025-04-20T09:07:00Z,FRESH-8LB-BEEF-CHICKEN,subscription,1,127.2,paid,fulfilled
DASH-2961,2025-04-20T10:14:00Z,FRESH-8LB-BEEF-CHICKEN,trial,1,34.5,paid,fulfilled
DASH-2962,2025-04-20T11:21:00Z,FRESH-8LB-BEEF-CHICKEN,trial,1,34.5,paid,fulfilled
DASH-2963,2025-04-20T12:28:00Z,FRESH-8LB-BEEF-CHICKEN,trial,1,34.5,paid,fulfilled
DASH-2964,2025-04-20T13:35:00Z,FRESH-8LB-BEEF-CHICKEN,subscription,1,127.2,paid,fulfilled
DASH-2965,2025-04-20T14:42:00Z,FRESH-8LB-BEEF-CHICKEN,subscription,1,127.2,paid,fulfilled
DASH-2966,2025-04-20T15:49:00Z,FRESH-8LB-BEEF-CHICKEN,subscription,2,254.4,paid,fulfilled
DASH-2967,2025-04-20T16:56:00Z,FRESH-8LB-BEEF-CHICKEN,subscription,1,127.2,paid,fulfilled
DASH-2968,2025-04-20T17:03:00Z,FRESH-8LB-BEEF-CHICKEN,subscription,1,127.2,paid,fulfilled
DASH-2969,2025-04-20T08:10:00Z,FRESH-8LB-BEEF-CHICKEN,subscription,1,127.2,paid,fulfilled
DASH-2970,2025-04-20T09:17:00Z,FRESH-8LB-BEEF-CHICKEN,subscription,1,127.2,paid,fulfilled
DASH-2971,2025-04-20T10:24:00Z,FRESH-8LB-BEEF-CHICKEN,trial,1,34.5,paid,fulfilled
DASH-2972,2025-04-20T11:31:00Z,FRESH-8LB-BEEF-CHICKEN,trial,1,34.5,paid,fulfilled
DASH-2973,2025-04-20T12:38:00Z,FRESH-8LB-BEEF-CHICKEN,trial,1,34.5,paid,fulfilled
DASH-2974,2025-04-20T13:45:00Z,FRESH-8LB-BEEF-CHICKEN,subscription,1,127.2,paid,fulfilled
DASH-2975,2025-04-20T14:52:00Z,FRESH-8LB-BEEF-CHICKEN,subscription,2,254.4,paid,fulfilled
DASH-2976,2025-04-20T15:59:00Z,FRESH-8LB-BEEF-CHICKEN,subscription,1,127.2,paid,fulfilled
DASH-2977,2025-04-20T16:06:00Z,FRESH-8LB-BEEF-CHICKEN,subscription,1,127.2,paid,fulfilled
DASH-2978,2025-04-20T17:13:00Z,FRESH-8LB-BEEF-CHICKEN,subscription,1,127.2,paid,fulfilled
DASH-2979,2025-04-20T08:20:00Z,FRESH-8LB-BEEF-CHICKEN,subscription,1,127.2,paid,fulfilled
DASH-2980,2025-04-20T09:27:00Z,FRESH-8LB-BEEF-CHICKEN,subscription,1,127.2,paid,fulfilled
DASH-2981,2025-04-20T10:34:00Z,FRESH-8LB-BEEF-CHICKEN,trial,1,34.5,paid,fulfilled
DASH-2982,2025-04-20T11:41:00Z,FRESH-8LB-BEEF-CHICKEN,trial,1,34.5,paid,fulfilled
DASH-2983,2025-04-20T12:48:00Z,FRESH-8LB-BEEF-CHICKEN,trial,1,34.5,paid,fulfilled
DASH-2984,2025-04-20T13:55:00Z,FRESH-8LB-BEEF-CHICKEN,subscription,2,254.4,paid,fulfilled
DASH-2985,2025-04-20T14:02:00Z,FRESH-8LB-BEEF-CHICKEN,subscription,1,127.2,paid,fulfilled
DASH-2986,2025-04-20T15:09:00Z,FRESH-8LB-BEEF-CHICKEN,subscription,1,127.2,paid,fulfilled
DASH-2987,2025-04-20T16:16:00Z,FRESH-8LB-BEEF-CHICKEN,subscription,1,127.2,paid,fulfilled
DASH-2988,2025-04-20T17:23:00Z,FRESH-8LB-BEEF-CHICKEN,subscription,1,127.2,paid,fulfilled
DASH-2989,2025-04-20T08:30:00Z,FRESH-8LB-BEEF-CHICKEN,subscription,1,127.2,paid,fulfilled
DASH-2990,2025-04-20T09:37:00Z,FRESH-8LB-BEEF-CHICKEN,subscription,1,127.2,paid,fulfilled
DASH-2991,2025-04-20T10:44:00Z,FRESH-8LB-BEEF-CHICKEN,trial,1,34.5,paid,fulfilled
DASH-2992,2025-04-20T11:51:00Z,FRESH-8LB-BEEF-CHICKEN,trial,1,34.5,paid,fulfilled
DASH-2993,2025-04-20T12:58:00Z,FRESH-8LB-BEEF-CHICKEN,trial,1,34.5,paid,fulfilled
DASH-2994,2025-04-20T13:05:00Z,FRESH-8LB-BEEF-CHICKEN,subscription,1,127.2,paid,fulfilled
DASH-2995,2025-04-20T14:12:00Z,FRESH-8LB-BEEF-CHICKEN,subscription,1,127.2,paid,fulfilled
DASH-2996,2025-04-20T15:19:00Z,FRESH-8LB-BEEF-CHICKEN,subscription,1,127.2,paid,fulfilled
DASH-2997,2025-04-20T16:26:00Z,FRESH-8LB-BEEF-CHICKEN,subscription,1,127.2,paid,fulfilled
DASH-2998,2025-04-20T17:33:00Z,FRESH-8LB-BEEF-CHICKEN,subscription,1,127.2,paid,fulfilled
DASH-2999,2025-04-20T08:40:00Z,FRESH-8LB-BEEF-CHICKEN,subscription,1,127.2,paid,fulfilled
DASH-3000,2025-04-20T09:47:00Z,FRESH-8LB-BEEF-CHICKEN,subscription,1,127.2,paid,fulfilled
DASH-3001,2025-04-20T10:54:00Z,FRESH-8LB-BEEF-CHICKEN,trial,1,34.5,paid,fulfilled
DASH-3002,2025-04-20T11:01:00Z,FRESH-8LB-BEEF-CHICKEN,trial,1,34.5,paid,fulfilled
DASH-3003,2025-04-20T12:08:00Z,FRESH-8LB-BEEF-CHICKEN,trial,1,34.5,paid,fulfilled
DASH-3004,2025-04-20T13:15:00Z,FRESH-8LB-BEEF-CHICKEN,subscription,1,127.2,paid,fulfilled
DASH-3005,2025-04-20T14:22:00Z,FRESH-8LB-BEEF-CHICKEN,subscription,1,127.2,paid,fulfilled
DASH-3006,2025-04-20T15:29:00Z,FRESH-8LB-BEEF-CHICKEN,subscription,1,127.2,paid,fulfilled
DASH-3007,2025-04-20T16:36:00Z,FRESH-8LB-BEEF-CHICKEN,subscription,1,127.2,paid,fulfilled
DASH-3008,2025-04-20T17:43:00Z,FRESH-8LB-BEEF-CHICKEN,subscription,1,127.2,paid,fulfilled
DASH-3009,2025-04-21T08:00:00Z,FRESH-8LB-BEEF-CHICKEN,subscription,1,127.2,paid,fulfilled
DASH-3010,2025-04-21T09:07:00Z,FRESH-8LB-BEEF-CHICKEN,subscription,1,127.2,paid,fulfilled
DASH-3011,2025-04-21T10:14:00Z,FRESH-8LB-BEEF-CHICKEN,trial,1,34.5,paid,fulfilled
DASH-3012,2025-04-21T11:21:00Z,FRESH-8LB-BEEF-CHICKEN,trial,1,34.5,paid,fulfilled
DASH-3013,2025-04-21T12:28:00Z,FRESH-8LB-BEEF-CHICKEN,trial,1,34.5,paid,fulfilled
DASH-3014,2025-04-21T13:35:00Z,FRESH-8LB-BEEF-CHICKEN,subscription,1,127.2,paid,fulfilled
DASH-3015,2025-04-21T14:42:00Z,FRESH-8LB-BEEF-CHICKEN,subscription,2,254.4,paid,fulfilled
DASH-3016,2025-04-21T15:49:00Z,FRESH-8LB-BEEF-CHICKEN,subscription,1,127.2,paid,fulfilled
DASH-3017,2025-04-21T16:56:00Z,FRESH-8LB-BEEF-CHICKEN,subscription,1,127.2,paid,fulfilled
DASH-3018,2025-04-21T17:03:00Z,FRESH-8LB-BEEF-CHICKEN,subscription,1,127.2,paid,fulfilled
DASH-3019,2025-04-21T08:10:00Z,FRESH-8LB-BEEF-CHICKEN,subscription,1,127.2,paid,fulfilled
DASH-3020,2025-04-21T09:17:00Z,FRESH-8LB-BEEF-CHICKEN,subscription,1,127.2,paid,fulfilled
DASH-3021,2025-04-21T10:24:00Z,FRESH-8LB-BEEF-CHICKEN,trial,1,34.5,paid,fulfilled
DASH-3022,2025-04-21T11:31:00Z,FRESH-8LB-BEEF-CHICKEN,trial,1,34.5,paid,fulfilled
DASH-3023,2025-04-21T12:38:00Z,FRESH-8LB-BEEF-CHICKEN,trial,1,34.5,paid,fulfilled
DASH-3024,2025-04-21T13:45:00Z,FRESH-8LB-BEEF-CHICKEN,subscription,2,254.4,paid,fulfilled
DASH-3025,2025-04-21T14:52:00Z,FRESH-8LB-BEEF-CHICKEN,subscription,1,127.2,paid,fulfilled
DASH-3026,2025-04-21T15:59:00Z,FRESH-8LB-BEEF-CHICKEN,subscription,1,127.2,paid,fulfilled
DASH-3027,2025-04-21T16:06:00Z,FRESH-8LB-BEEF-CHICKEN,subscription,1,127.2,paid,fulfilled
DASH-3028,2025-04-21T17:13:00Z,FRESH-8LB-BEEF-CHICKEN,subscription,1,127.2,paid,fulfilled
DASH-3029,2025-04-21T08:20:00Z,FRESH-8LB-BEEF-CHICKEN,subscription,1,127.2,paid,fulfilled
DASH-3030,2025-04-21T09:27:00Z,FRESH-8LB-BEEF-CHICKEN,subscription,1,127.2,paid,fulfilled
DASH-3031,2025-04-21T10:34:00Z,FRESH-8LB-BEEF-CHICKEN,trial,1,34.5,paid,fulfilled
DASH-3032,2025-04-21T11:41:00Z,FRESH-8LB-BEEF-CHICKEN,trial,1,34.5,paid,fulfilled
DASH-3033,2025-04-21T12:48:00Z,FRESH-8LB-BEEF-CHICKEN,trial,1,34.5,paid,fulfilled
DASH-3034,2025-04-21T13:55:00Z,FRESH-8LB-BEEF-CHICKEN,subscription,1,127.2,paid,fulfilled
DASH-3035,2025-04-21T14:02:00Z,FRESH-8LB-BEEF-CHICKEN,subscription,1,127.2,paid,fulfilled
DASH-3036,2025-04-21T15:09:00Z,FRESH-8LB-BEEF-CHICKEN,subscription,1,127.2,paid,fulfilled
DASH-3037,2025-04-21T16:16:00Z,FRESH-8LB-BEEF-CHICKEN,subscription,1,127.2,paid,fulfilled
DASH-3038,2025-04-21T17:23:00Z,FRESH-8LB-BEEF-CHICKEN,subscription,1,127.2,paid,fulfilled
DASH-3039,2025-04-21T08:30:00Z,FRESH-8LB-BEEF-CHICKEN,subscription,1,127.2,paid,fulfilled
DASH-3040,2025-04-21T09:37:00Z,FRESH-8LB-BEEF-CHICKEN,subscription,1,127.2,paid,fulfilled
DASH-3041,2025-04-21T10:44:00Z,FRESH-8LB-BEEF-CHICKEN,trial,1,34.5,paid,fulfilled
DASH-3042,2025-04-21T11:51:00Z,FRESH-8LB-BEEF-CHICKEN,trial,1,34.5,paid,fulfilled
DASH-3043,2025-04-21T12:58:00Z,FRESH-8LB-BEEF-CHICKEN,trial,1,34.5,paid,fulfilled
DASH-3044,2025-04-21T13:05:00Z,FRESH-8LB-BEEF-CHICKEN,subscription,1,127.2,paid,fulfilled
DASH-3045,2025-04-21T14:12:00Z,FRESH-8LB-BEEF-CHICKEN,subscription,1,127.2,paid,fulfilled
DASH-3046,2025-04-21T15:19:00Z,FRESH-8LB-BEEF-CHICKEN,subscription,1,127.2,paid,fulfilled
DASH-3047,2025-04-21T16:26:00Z,FRESH-8LB-BEEF-CHICKEN,subscription,1,127.2,paid,fulfilled
DASH-3048,2025-04-21T17:33:00Z,FRESH-8LB-BEEF-CHICKEN,subscription,1,127.2,paid,fulfilled
DASH-3049,2025-04-21T08:40:00Z,FRESH-8LB-BEEF-CHICKEN,subscription,1,127.2,paid,fulfilled
DASH-3050,2025-04-21T09:47:00Z,FRESH-8LB-BEEF-CHICKEN,subscription,1,127.2,paid,fulfilled
DASH-3051,2025-04-21T10:54:00Z,FRESH-8LB-BEEF-CHICKEN,trial,1,34.5,paid,fulfilled
DASH-3052,2025-04-21T11:01:00Z,FRESH-8LB-BEEF-CHICKEN,trial,1,34.5,paid,fulfilled
DASH-3053,2025-04-21T12:08:00Z,FRESH-8LB-BEEF-CHICKEN,trial,1,34.5,paid,fulfilled
DASH-3054,2025-04-21T13:15:00Z,FRESH-8LB-BEEF-CHICKEN,subscription,1,127.2,paid,fulfilled
DASH-3055,2025-04-21T14:22:00Z,FRESH-8LB-BEEF-CHICKEN,subscription,1,127.2,paid,fulfilled
DASH-3056,2025-04-21T15:29:00Z,FRESH-8LB-BEEF-CHICKEN,subscription,1,127.2,paid,fulfilled
DASH-3057,2025-04-21T16:36:00Z,FRESH-8LB-BEEF-CHICKEN,subscription,1,127.2,paid,fulfilled
DASH-3058,2025-04-21T17:43:00Z,FRESH-8LB-BEEF-CHICKEN,subscription,1,127.2,paid,fulfilled
DASH-3059,2025-04-22T08:00:00Z,FRESH-8LB-BEEF-CHICKEN,subscription,1,127.2,paid,fulfilled
DASH-3060,2025-04-22T09:07:00Z,FRESH-8LB-BEEF-CHICKEN,subscription,1,127.2,paid,fulfilled
DASH-3061,2025-04-22T10:14:00Z,FRESH-8LB-BEEF-CHICKEN,trial,1,34.5,paid,fulfilled
DASH-3062,2025-04-22T11:21:00Z,FRESH-8LB-BEEF-CHICKEN,trial,1,34.5,paid,fulfilled
DASH-3063,2025-04-22T12:28:00Z,FRESH-8LB-BEEF-CHICKEN,trial,1,34.5,paid,fulfilled
DASH-3064,2025-04-22T13:35:00Z,FRESH-8LB-BEEF-CHICKEN,subscription,2,254.4,paid,fulfilled
DASH-3065,2025-04-22T14:42:00Z,FRESH-8LB-BEEF-CHICKEN,subscription,1,127.2,paid,fulfilled
DASH-3066,2025-04-22T15:49:00Z,FRESH-8LB-BEEF-CHICKEN,subscription,1,127.2,paid,fulfilled
DASH-3067,2025-04-22T16:56:00Z,FRESH-8LB-BEEF-CHICKEN,subscription,1,127.2,paid,fulfilled
DASH-3068,2025-04-22T17:03:00Z,FRESH-8LB-BEEF-CHICKEN,subscription,1,127.2,paid,fulfilled
DASH-3069,2025-04-22T08:10:00Z,FRESH-8LB-BEEF-CHICKEN,subscription,1,127.2,paid,fulfilled
DASH-3070,2025-04-22T09:17:00Z,FRESH-8LB-BEEF-CHICKEN,subscription,1,127.2,paid,fulfilled
DASH-3071,2025-04-22T10:24:00Z,FRESH-8LB-BEEF-CHICKEN,trial,1,34.5,paid,fulfilled
DASH-3072,2025-04-22T11:31:00Z,FRESH-8LB-BEEF-CHICKEN,trial,1,34.5,paid,fulfilled
DASH-3073,2025-04-22T12:38:00Z,FRESH-8LB-BEEF-CHICKEN,trial,1,34.5,paid,fulfilled
DASH-3074,2025-04-22T13:45:00Z,FRESH-8LB-BEEF-CHICKEN,subscription,1,127.2,paid,fulfilled
DASH-3075,2025-04-22T14:52:00Z,FRESH-8LB-BEEF-CHICKEN,subscription,1,127.2,paid,fulfilled
DASH-3076,2025-04-22T15:59:00Z,FRESH-8LB-BEEF-CHICKEN,subscription,1,127.2,paid,fulfilled
DASH-3077,2025-04-22T16:06:00Z,FRESH-8LB-BEEF-CHICKEN,subscription,1,127.2,paid,fulfilled
DASH-3078,2025-04-22T17:13:00Z,FRESH-8LB-BEEF-CHICKEN,subscription,1,127.2,paid,fulfilled
DASH-3079,2025-04-22T08:20:00Z,FRESH-8LB-BEEF-CHICKEN,subscription,1,127.2,paid,fulfilled
DASH-3080,2025-04-22T09:27:00Z,FRESH-8LB-BEEF-CHICKEN,subscription,1,127.2,paid,fulfilled
DASH-3081,2025-04-22T10:34:00Z,FRESH-8LB-BEEF-CHICKEN,trial,1,34.5,paid,fulfilled
DASH-3082,2025-04-22T11:41:00Z,FRESH-8LB-BEEF-CHICKEN,trial,1,34.5,paid,fulfilled
DASH-3083,2025-04-22T12:48:00Z,FRESH-8LB-BEEF-CHICKEN,trial,1,34.5,paid,fulfilled
DASH-3084,2025-04-22T13:55:00Z,FRESH-8LB-BEEF-CHICKEN,subscription,1,127.2,paid,fulfilled
DASH-3085,2025-04-22T14:02:00Z,FRESH-8LB-BEEF-CHICKEN,subscription,1,127.2,paid,fulfilled
DASH-3086,2025-04-22T15:09:00Z,FRESH-8LB-BEEF-CHICKEN,subscription,1,127.2,paid,fulfilled
DASH-3087,2025-04-22T16:16:00Z,FRESH-8LB-BEEF-CHICKEN,subscription,1,127.2,paid,fulfilled
DASH-3088,2025-04-22T17:23:00Z,FRESH-8LB-BEEF-CHICKEN,subscription,1,127.2,paid,fulfilled
DASH-3089,2025-04-22T08:30:00Z,FRESH-8LB-BEEF-CHICKEN,subscription,1,127.2,paid,fulfilled
DASH-3090,2025-04-22T09:37:00Z,FRESH-8LB-BEEF-CHICKEN,subscription,1,127.2,paid,fulfilled
DASH-3091,2025-04-22T10:44:00Z,FRESH-8LB-BEEF-CHICKEN,trial,1,34.5,paid,fulfilled
DASH-3092,2025-04-22T11:51:00Z,FRESH-8LB-BEEF-CHICKEN,trial,1,34.5,paid,fulfilled
DASH-3093,2025-04-22T12:58:00Z,FRESH-8LB-BEEF-CHICKEN,trial,1,34.5,paid,fulfilled
DASH-3094,2025-04-22T13:05:00Z,FRESH-8LB-BEEF-CHICKEN,subscription,1,127.2,paid,fulfilled
DASH-3095,2025-04-22T14:12:00Z,FRESH-8LB-BEEF-CHICKEN,subscription,1,127.2,paid,fulfilled
DASH-3096,2025-04-22T15:19:00Z,FRESH-8LB-BEEF-CHICKEN,subscription,1,127.2,paid,fulfilled
DASH-3097,2025-04-22T16:26:00Z,FRESH-8LB-BEEF-CHICKEN,subscription,1,127.2,paid,fulfilled
DASH-3098,2025-04-22T17:33:00Z,FRESH-8LB-BEEF-CHICKEN,subscription,1,127.2,paid,fulfilled
DASH-3099,2025-04-22T08:40:00Z,FRESH-8LB-BEEF-CHICKEN,subscription,1,127.2,paid,fulfilled
DASH-3100,2025-04-22T09:47:00Z,FRESH-8LB-BEEF-CHICKEN,subscription,2,254.4,paid,fulfilled
DASH-3101,2025-04-22T10:54:00Z,FRESH-8LB-BEEF-CHICKEN,trial,1,34.5,paid,fulfilled
DASH-3102,2025-04-22T11:01:00Z,FRESH-8LB-BEEF-CHICKEN,trial,1,34.5,paid,fulfilled
DASH-3103,2025-04-22T12:08:00Z,FRESH-8LB-BEEF-CHICKEN,trial,1,34.5,paid,fulfilled
DASH-3104,2025-04-22T13:15:00Z,FRESH-8LB-BEEF-CHICKEN,subscription,1,127.2,paid,fulfilled
DASH-3105,2025-04-22T14:22:00Z,FRESH-8LB-BEEF-CHICKEN,subscription,1,127.2,paid,fulfilled
DASH-3106,2025-04-22T15:29:00Z,FRESH-8LB-BEEF-CHICKEN,subscription,1,127.2,paid,fulfilled
DASH-3107,2025-04-22T16:36:00Z,FRESH-8LB-BEEF-CHICKEN,subscription,1,127.2,paid,fulfilled
DASH-3108,2025-04-22T17:43:00Z,FRESH-8LB-BEEF-CHICKEN,subscription,1,127.2,paid,fulfilled
DASH-3109,2025-04-23T08:00:00Z,FRESH-8LB-BEEF-CHICKEN,subscription,1,127.2,paid,fulfilled
DASH-3110,2025-04-23T09:07:00Z,FRESH-8LB-BEEF-CHICKEN,subscription,1,127.2,paid,fulfilled
DASH-3111,2025-04-23T10:14:00Z,FRESH-8LB-BEEF-CHICKEN,trial,1,34.5,paid,fulfilled
DASH-3112,2025-04-23T11:21:00Z,FRESH-8LB-BEEF-CHICKEN,trial,1,34.5,paid,fulfilled
DASH-3113,2025-04-23T12:28:00Z,FRESH-8LB-BEEF-CHICKEN,trial,1,34.5,paid,fulfilled
DASH-3114,2025-04-23T13:35:00Z,FRESH-8LB-BEEF-CHICKEN,subscription,1,127.2,paid,fulfilled
DASH-3115,2025-04-23T14:42:00Z,FRESH-8LB-BEEF-CHICKEN,subscription,1,127.2,paid,fulfilled
DASH-3116,2025-04-23T15:49:00Z,FRESH-8LB-BEEF-CHICKEN,subscription,1,127.2,paid,fulfilled
DASH-3117,2025-04-23T16:56:00Z,FRESH-8LB-BEEF-CHICKEN,subscription,1,127.2,paid,fulfilled
DASH-3118,2025-04-23T17:03:00Z,FRESH-8LB-BEEF-CHICKEN,subscription,1,127.2,paid,fulfilled
DASH-3119,2025-04-23T08:10:00Z,FRESH-8LB-BEEF-CHICKEN,subscription,1,127.2,paid,fulfilled
DASH-3120,2025-04-23T09:17:00Z,FRESH-8LB-BEEF-CHICKEN,subscription,1,127.2,paid,fulfilled
DASH-3121,2025-04-23T10:24:00Z,FRESH-8LB-BEEF-CHICKEN,trial,1,34.5,paid,fulfilled
DASH-3122,2025-04-23T11:31:00Z,FRESH-8LB-BEEF-CHICKEN,trial,1,34.5,paid,fulfilled
DASH-3123,2025-04-23T12:38:00Z,FRESH-8LB-BEEF-CHICKEN,trial,1,34.5,paid,fulfilled
DASH-3124,2025-04-23T13:45:00Z,FRESH-8LB-BEEF-CHICKEN,subscription,1,127.2,paid,fulfilled
DASH-3125,2025-04-23T14:52:00Z,FRESH-8LB-BEEF-CHICKEN,subscription,1,127.2,paid,fulfilled
DASH-3126,2025-04-23T15:59:00Z,FRESH-8LB-BEEF-CHICKEN,subscription,1,127.2,paid,fulfilled
DASH-3127,2025-04-23T16:06:00Z,FRESH-8LB-BEEF-CHICKEN,subscription,1,127.2,paid,fulfilled
DASH-3128,2025-04-23T17:13:00Z,FRESH-8LB-BEEF-CHICKEN,subscription,1,127.2,paid,fulfilled
DASH-3129,2025-04-23T08:20:00Z,FRESH-8LB-BEEF-CHICKEN,subscription,1,127.2,paid,fulfilled
DASH-3130,2025-04-23T09:27:00Z,FRESH-8LB-BEEF-CHICKEN,subscription,1,127.2,paid,fulfilled
DASH-3131,2025-04-23T10:34:00Z,FRESH-8LB-BEEF-CHICKEN,trial,1,34.5,paid,fulfilled
DASH-3132,2025-04-23T11:41:00Z,FRESH-8LB-BEEF-CHICKEN,trial,1,34.5,paid,fulfilled
DASH-3133,2025-04-23T12:48:00Z,FRESH-8LB-BEEF-CHICKEN,trial,1,34.5,paid,fulfilled
DASH-3134,2025-04-23T13:55:00Z,FRESH-8LB-BEEF-CHICKEN,subscription,1,127.2,paid,fulfilled
DASH-3135,2025-04-23T14:02:00Z,FRESH-8LB-BEEF-CHICKEN,subscription,1,127.2,paid,fulfilled
DASH-3136,2025-04-23T15:09:00Z,FRESH-8LB-BEEF-CHICKEN,subscription,1,127.2,paid,fulfilled
DASH-3137,2025-04-23T16:16:00Z,FRESH-8LB-BEEF-CHICKEN,subscription,1,127.2,paid,fulfilled
DASH-3138,2025-04-23T17:23:00Z,FRESH-8LB-BEEF-CHICKEN,subscription,1,127.2,paid,fulfilled
DASH-3139,2025-04-23T08:30:00Z,FRESH-8LB-BEEF-CHICKEN,subscription,1,127.2,paid,fulfilled
DASH-3140,2025-04-23T09:37:00Z,FRESH-8LB-BEEF-CHICKEN,subscription,2,254.4,paid,fulfilled
DASH-3141,2025-04-23T10:44:00Z,FRESH-8LB-BEEF-CHICKEN,trial,1,34.5,paid,fulfilled
DASH-3142,2025-04-23T11:51:00Z,FRESH-8LB-BEEF-CHICKEN,trial,1,34.5,paid,fulfilled
DASH-3143,2025-04-23T12:58:00Z,FRESH-8LB-BEEF-CHICKEN,trial,1,34.5,paid,fulfilled
DASH-3144,2025-04-23T13:05:00Z,FRESH-8LB-BEEF-CHICKEN,subscription,1,127.2,paid,fulfilled
DASH-3145,2025-04-23T14:12:00Z,FRESH-8LB-BEEF-CHICKEN,subscription,1,127.2,paid,fulfilled
DASH-3146,2025-04-23T15:19:00Z,FRESH-8LB-BEEF-CHICKEN,subscription,1,127.2,paid,fulfilled
DASH-3147,2025-04-23T16:26:00Z,FRESH-8LB-BEEF-CHICKEN,subscription,1,127.2,paid,fulfilled
DASH-3148,2025-04-23T17:33:00Z,FRESH-8LB-BEEF-CHICKEN,subscription,1,127.2,paid,fulfilled
DASH-3149,2025-04-23T08:40:00Z,FRESH-8LB-BEEF-CHICKEN,subscription,2,254.4,paid,fulfilled
DASH-3150,2025-04-23T09:47:00Z,FRESH-8LB-BEEF-CHICKEN,subscription,1,127.2,paid,fulfilled
DASH-3151,2025-04-23T10:54:00Z,FRESH-8LB-BEEF-CHICKEN,trial,1,34.5,paid,fulfilled
DASH-3152,2025-04-23T11:01:00Z,FRESH-8LB-BEEF-CHICKEN,trial,1,34.5,paid,fulfilled
DASH-3153,2025-04-23T12:08:00Z,FRESH-8LB-BEEF-CHICKEN,trial,1,34.5,paid,fulfilled
DASH-3154,2025-04-23T13:15:00Z,FRESH-8LB-BEEF-CHICKEN,subscription,1,127.2,paid,fulfilled
DASH-3155,2025-04-23T14:22:00Z,FRESH-8LB-BEEF-CHICKEN,subscription,1,127.2,paid,fulfilled
DASH-3156,2025-04-23T15:29:00Z,FRESH-8LB-BEEF-CHICKEN,subscription,1,127.2,paid,fulfilled
DASH-3157,2025-04-23T16:36:00Z,FRESH-8LB-BEEF-CHICKEN,subscription,1,127.2,paid,fulfilled
DASH-3158,2025-04-23T17:43:00Z,FRESH-8LB-BEEF-CHICKEN,subscription,2,254.4,paid,fulfilled
DASH-3159,2025-04-24T08:00:00Z,FRESH-8LB-BEEF-CHICKEN,subscription,1,127.2,paid,fulfilled
DASH-3160,2025-04-24T09:07:00Z,FRESH-8LB-BEEF-CHICKEN,subscription,1,127.2,paid,fulfilled
DASH-3161,2025-04-24T10:14:00Z,FRESH-8LB-BEEF-CHICKEN,trial,1,34.5,paid,fulfilled
DASH-3162,2025-04-24T11:21:00Z,FRESH-8LB-BEEF-CHICKEN,trial,1,34.5,paid,fulfilled
DASH-3163,2025-04-24T12:28:00Z,FRESH-8LB-BEEF-CHICKEN,trial,1,34.5,paid,fulfilled
DASH-3164,2025-04-24T13:35:00Z,FRESH-8LB-BEEF-CHICKEN,subscription,1,127.2,paid,fulfilled
DASH-3165,2025-04-24T14:42:00Z,FRESH-8LB-BEEF-CHICKEN,subscription,1,127.2,paid,fulfilled
DASH-3166,2025-04-24T15:49:00Z,FRESH-8LB-BEEF-CHICKEN,subscription,1,127.2,paid,fulfilled
DASH-3167,2025-04-24T16:56:00Z,FRESH-8LB-BEEF-CHICKEN,subscription,1,127.2,paid,fulfilled
DASH-3168,2025-04-24T17:03:00Z,FRESH-8LB-BEEF-CHICKEN,subscription,1,127.2,paid,fulfilled
DASH-3169,2025-04-24T08:10:00Z,FRESH-8LB-BEEF-CHICKEN,subscription,1,127.2,paid,fulfilled
DASH-3170,2025-04-24T09:17:00Z,FRESH-8LB-BEEF-CHICKEN,subscription,1,127.2,paid,fulfilled
DASH-3171,2025-04-24T10:24:00Z,FRESH-8LB-BEEF-CHICKEN,trial,1,34.5,paid,fulfilled
DASH-3172,2025-04-24T11:31:00Z,FRESH-8LB-BEEF-CHICKEN,trial,1,34.5,paid,fulfilled
DASH-3173,2025-04-24T12:38:00Z,FRESH-8LB-BEEF-CHICKEN,trial,1,34.5,paid,fulfilled
DASH-3174,2025-04-24T13:45:00Z,FRESH-8LB-BEEF-CHICKEN,subscription,1,127.2,paid,fulfilled
DASH-3175,2025-04-24T14:52:00Z,FRESH-8LB-BEEF-CHICKEN,subscription,1,127.2,paid,fulfilled
DASH-3176,2025-04-24T15:59:00Z,FRESH-8LB-BEEF-CHICKEN,subscription,1,127.2,paid,fulfilled
DASH-3177,2025-04-24T16:06:00Z,FRESH-8LB-BEEF-CHICKEN,subscription,1,127.2,paid,fulfilled
DASH-3178,2025-04-24T17:13:00Z,FRESH-8LB-BEEF-CHICKEN,subscription,1,127.2,paid,fulfilled
DASH-3179,2025-04-24T08:20:00Z,FRESH-8LB-BEEF-CHICKEN,subscription,1,127.2,paid,fulfilled
DASH-3180,2025-04-24T09:27:00Z,FRESH-8LB-BEEF-CHICKEN,subscription,2,254.4,paid,fulfilled
DASH-3181,2025-04-24T10:34:00Z,FRESH-8LB-BEEF-CHICKEN,trial,1,34.5,paid,fulfilled
DASH-3182,2025-04-24T11:41:00Z,FRESH-8LB-BEEF-CHICKEN,trial,1,34.5,paid,fulfilled
DASH-3183,2025-04-24T12:48:00Z,FRESH-8LB-BEEF-CHICKEN,trial,1,34.5,paid,fulfilled
DASH-3184,2025-04-24T13:55:00Z,FRESH-8LB-BEEF-CHICKEN,subscription,1,127.2,paid,fulfilled
DASH-3185,2025-04-24T14:02:00Z,FRESH-8LB-BEEF-CHICKEN,subscription,1,127.2,paid,fulfilled
DASH-3186,2025-04-24T15:09:00Z,FRESH-8LB-BEEF-CHICKEN,subscription,1,127.2,paid,fulfilled
DASH-3187,2025-04-24T16:16:00Z,FRESH-8LB-BEEF-CHICKEN,subscription,1,127.2,paid,fulfilled
DASH-3188,2025-04-24T17:23:00Z,FRESH-8LB-BEEF-CHICKEN,subscription,1,127.2,paid,fulfilled
DASH-3189,2025-04-24T08:30:00Z,FRESH-8LB-BEEF-CHICKEN,subscription,2,254.4,paid,fulfilled
DASH-3190,2025-04-24T09:37:00Z,FRESH-8LB-BEEF-CHICKEN,subscription,1,127.2,paid,fulfilled
DASH-3191,2025-04-24T10:44:00Z,FRESH-8LB-BEEF-CHICKEN,trial,1,34.5,paid,fulfilled
DASH-3192,2025-04-24T11:51:00Z,FRESH-8LB-BEEF-CHICKEN,trial,1,34.5,paid,fulfilled
DASH-3193,2025-04-24T12:58:00Z,FRESH-8LB-BEEF-CHICKEN,trial,1,34.5,paid,fulfilled
DASH-3194,2025-04-24T13:05:00Z,FRESH-8LB-BEEF-CHICKEN,subscription,1,127.2,paid,fulfilled
DASH-3195,2025-04-24T14:12:00Z,FRESH-8LB-BEEF-CHICKEN,subscription,1,127.2,paid,fulfilled
DASH-3196,2025-04-24T15:19:00Z,FRESH-8LB-BEEF-CHICKEN,subscription,1,127.2,paid,fulfilled
DASH-3197,2025-04-24T16:26:00Z,FRESH-8LB-BEEF-CHICKEN,subscription,1,127.2,paid,fulfilled
DASH-3198,2025-04-24T17:33:00Z,FRESH-8LB-BEEF-CHICKEN,subscription,2,254.4,paid,fulfilled
DASH-3199,2025-04-24T08:40:00Z,FRESH-8LB-BEEF-CHICKEN,subscription,1,127.2,paid,fulfilled
DASH-3200,2025-04-24T09:47:00Z,FRESH-8LB-BEEF-CHICKEN,subscription,1,127.2,paid,fulfilled
DASH-3201,2025-04-24T10:54:00Z,FRESH-8LB-BEEF-CHICKEN,trial,1,34.5,paid,fulfilled
DASH-3202,2025-04-24T11:01:00Z,FRESH-8LB-BEEF-CHICKEN,trial,1,34.5,paid,fulfilled
DASH-3203,2025-04-24T12:08:00Z,FRESH-8LB-BEEF-CHICKEN,trial,1,34.5,paid,fulfilled
DASH-3204,2025-04-24T13:15:00Z,FRESH-8LB-BEEF-CHICKEN,subscription,1,127.2,paid,fulfilled
DASH-3205,2025-04-24T14:22:00Z,FRESH-8LB-BEEF-CHICKEN,subscription,1,127.2,paid,fulfilled
DASH-3206,2025-04-24T15:29:00Z,FRESH-8LB-BEEF-CHICKEN,subscription,1,127.2,paid,fulfilled
DASH-3207,2025-04-24T16:36:00Z,FRESH-8LB-BEEF-CHICKEN,subscription,2,254.4,paid,fulfilled
DASH-3208,2025-04-24T17:43:00Z,FRESH-8LB-BEEF-CHICKEN,subscription,1,127.2,paid,fulfilled
DASH-3209,2025-04-25T08:00:00Z,FRESH-8LB-BEEF-CHICKEN,subscription,1,127.2,paid,fulfilled
DASH-3210,2025-04-25T09:07:00Z,FRESH-8LB-BEEF-CHICKEN,subscription,1,127.2,paid,fulfilled
DASH-3211,2025-04-25T10:14:00Z,FRESH-8LB-BEEF-CHICKEN,trial,1,34.5,paid,fulfilled
DASH-3212,2025-04-25T11:21:00Z,FRESH-8LB-BEEF-CHICKEN,trial,1,34.5,paid,fulfilled
DASH-3213,2025-04-25T12:28:00Z,FRESH-8LB-BEEF-CHICKEN,trial,1,34.5,paid,fulfilled
DASH-3214,2025-04-25T13:35:00Z,FRESH-8LB-BEEF-CHICKEN,subscription,1,127.2,paid,fulfilled
DASH-3215,2025-04-25T14:42:00Z,FRESH-8LB-BEEF-CHICKEN,subscription,1,127.2,paid,fulfilled
DASH-3216,2025-04-25T15:49:00Z,FRESH-8LB-BEEF-CHICKEN,subscription,1,127.2,paid,fulfilled
DASH-3217,2025-04-25T16:56:00Z,FRESH-8LB-BEEF-CHICKEN,subscription,1,127.2,paid,fulfilled
DASH-3218,2025-04-25T17:03:00Z,FRESH-8LB-BEEF-CHICKEN,subscription,1,127.2,paid,fulfilled
DASH-3219,2025-04-25T08:10:00Z,FRESH-8LB-BEEF-CHICKEN,subscription,1,127.2,paid,fulfilled
DASH-3220,2025-04-25T09:17:00Z,FRESH-8LB-BEEF-CHICKEN,subscription,2,254.4,paid,fulfilled
DASH-3221,2025-04-25T10:24:00Z,FRESH-8LB-BEEF-CHICKEN,trial,1,34.5,paid,fulfilled
DASH-3222,2025-04-25T11:31:00Z,FRESH-8LB-BEEF-CHICKEN,trial,1,34.5,paid,fulfilled
DASH-3223,2025-04-25T12:38:00Z,FRESH-8LB-BEEF-CHICKEN,trial,1,34.5,paid,fulfilled
DASH-3224,2025-04-25T13:45:00Z,FRESH-8LB-BEEF-CHICKEN,subscription,1,127.2,paid,fulfilled
DASH-3225,2025-04-25T14:52:00Z,FRESH-8LB-BEEF-CHICKEN,subscription,1,127.2,paid,fulfilled
DASH-3226,2025-04-25T15:59:00Z,FRESH-8LB-BEEF-CHICKEN,subscription,1,127.2,paid,fulfilled
DASH-3227,2025-04-25T16:06:00Z,FRESH-8LB-BEEF-CHICKEN,subscription,1,127.2,paid,fulfilled
DASH-3228,2025-04-25T17:13:00Z,FRESH-8LB-BEEF-CHICKEN,subscription,1,127.2,paid,fulfilled
DASH-3229,2025-04-25T08:20:00Z,FRESH-8LB-BEEF-CHICKEN,subscription,2,254.4,paid,fulfilled
DASH-3230,2025-04-25T09:27:00Z,FRESH-8LB-BEEF-CHICKEN,subscription,1,127.2,paid,fulfilled
DASH-3231,2025-04-25T10:34:00Z,FRESH-8LB-BEEF-CHICKEN,trial,1,34.5,paid,fulfilled
DASH-3232,2025-04-25T11:41:00Z,FRESH-8LB-BEEF-CHICKEN,trial,1,34.5,paid,fulfilled
DASH-3233,2025-04-25T12:48:00Z,FRESH-8LB-BEEF-CHICKEN,trial,1,34.5,paid,fulfilled
DASH-3234,2025-04-25T13:55:00Z,FRESH-8LB-BEEF-CHICKEN,subscription,1,127.2,paid,fulfilled
DASH-3235,2025-04-25T14:02:00Z,FRESH-8LB-BEEF-CHICKEN,subscription,1,127.2,paid,fulfilled
DASH-3236,2025-04-25T15:09:00Z,FRESH-8LB-BEEF-CHICKEN,subscription,1,127.2,paid,fulfilled
DASH-3237,2025-04-25T16:16:00Z,FRESH-8LB-BEEF-CHICKEN,subscription,1,127.2,paid,fulfilled
DASH-3238,2025-04-25T17:23:00Z,FRESH-8LB-BEEF-CHICKEN,subscription,2,254.4,paid,fulfilled
DASH-3239,2025-04-25T08:30:00Z,FRESH-8LB-BEEF-CHICKEN,subscription,1,127.2,paid,fulfilled
DASH-3240,2025-04-25T09:37:00Z,FRESH-8LB-BEEF-CHICKEN,subscription,1,127.2,paid,fulfilled
DASH-3241,2025-04-25T10:44:00Z,FRESH-8LB-BEEF-CHICKEN,trial,1,34.5,paid,fulfilled
DASH-3242,2025-04-25T11:51:00Z,FRESH-8LB-BEEF-CHICKEN,trial,1,34.5,paid,fulfilled
DASH-3243,2025-04-25T12:58:00Z,FRESH-8LB-BEEF-CHICKEN,trial,1,34.5,paid,fulfilled
DASH-3244,2025-04-25T13:05:00Z,FRESH-8LB-BEEF-CHICKEN,subscription,1,127.2,paid,fulfilled
DASH-3245,2025-04-25T14:12:00Z,FRESH-8LB-BEEF-CHICKEN,subscription,1,127.2,paid,fulfilled
DASH-3246,2025-04-25T15:19:00Z,FRESH-8LB-BEEF-CHICKEN,subscription,1,127.2,paid,fulfilled
DASH-3247,2025-04-25T16:26:00Z,FRESH-8LB-BEEF-CHICKEN,subscription,2,254.4,paid,fulfilled
DASH-3248,2025-04-25T17:33:00Z,FRESH-8LB-BEEF-CHICKEN,subscription,1,127.2,paid,fulfilled
DASH-3249,2025-04-25T08:40:00Z,FRESH-8LB-BEEF-CHICKEN,subscription,1,127.2,paid,fulfilled
DASH-3250,2025-04-25T09:47:00Z,FRESH-8LB-BEEF-CHICKEN,subscription,1,127.2,paid,fulfilled
DASH-3251,2025-04-25T10:54:00Z,FRESH-8LB-BEEF-CHICKEN,trial,1,34.5,paid,fulfilled
DASH-3252,2025-04-25T11:01:00Z,FRESH-8LB-BEEF-CHICKEN,trial,1,34.5,paid,fulfilled
DASH-3253,2025-04-25T12:08:00Z,FRESH-8LB-BEEF-CHICKEN,trial,1,34.5,paid,fulfilled
DASH-3254,2025-04-25T13:15:00Z,FRESH-8LB-BEEF-CHICKEN,subscription,1,127.2,paid,fulfilled
DASH-3255,2025-04-25T14:22:00Z,FRESH-8LB-BEEF-CHICKEN,subscription,1,127.2,paid,fulfilled
DASH-3256,2025-04-25T15:29:00Z,FRESH-8LB-BEEF-CHICKEN,subscription,2,254.4,paid,fulfilled
DASH-3257,2025-04-25T16:36:00Z,FRESH-8LB-BEEF-CHICKEN,subscription,1,127.2,paid,fulfilled
DASH-3258,2025-04-25T17:43:00Z,FRESH-8LB-BEEF-CHICKEN,subscription,1,127.2,paid,fulfilled
DASH-3259,2025-04-26T08:00:00Z,FRESH-8LB-BEEF-CHICKEN,subscription,1,127.2,paid,fulfilled
DASH-3260,2025-04-26T09:07:00Z,FRESH-8LB-BEEF-CHICKEN,subscription,2,254.4,paid,fulfilled
DASH-3261,2025-04-26T10:14:00Z,FRESH-8LB-BEEF-CHICKEN,trial,1,34.5,paid,fulfilled
DASH-3262,2025-04-26T11:21:00Z,FRESH-8LB-BEEF-CHICKEN,trial,1,34.5,paid,fulfilled
DASH-3263,2025-04-26T12:28:00Z,FRESH-8LB-BEEF-CHICKEN,trial,1,34.5,paid,fulfilled
DASH-3264,2025-04-26T13:35:00Z,FRESH-8LB-BEEF-CHICKEN,subscription,1,127.2,paid,fulfilled
DASH-3265,2025-04-26T14:42:00Z,FRESH-8LB-BEEF-CHICKEN,subscription,1,127.2,paid,fulfilled
DASH-3266,2025-04-26T15:49:00Z,FRESH-8LB-BEEF-CHICKEN,subscription,1,127.2,paid,fulfilled
DASH-3267,2025-04-26T16:56:00Z,FRESH-8LB-BEEF-CHICKEN,subscription,1,127.2,paid,fulfilled
DASH-3268,2025-04-26T17:03:00Z,FRESH-8LB-BEEF-CHICKEN,subscription,1,127.2,paid,fulfilled
DASH-3269,2025-04-26T08:10:00Z,FRESH-8LB-BEEF-CHICKEN,subscription,2,254.4,paid,fulfilled
DASH-3270,2025-04-26T09:17:00Z,FRESH-8LB-BEEF-CHICKEN,subscription,1,127.2,paid,fulfilled
DASH-3271,2025-04-26T10:24:00Z,FRESH-8LB-BEEF-CHICKEN,trial,1,34.5,paid,fulfilled
DASH-3272,2025-04-26T11:31:00Z,FRESH-8LB-BEEF-CHICKEN,trial,1,34.5,paid,fulfilled
DASH-3273,2025-04-26T12:38:00Z,FRESH-8LB-BEEF-CHICKEN,trial,1,34.5,paid,fulfilled
DASH-3274,2025-04-26T13:45:00Z,FRESH-8LB-BEEF-CHICKEN,subscription,1,127.2,paid,fulfilled
DASH-3275,2025-04-26T14:52:00Z,FRESH-8LB-BEEF-CHICKEN,subscription,1,127.2,paid,fulfilled
DASH-3276,2025-04-26T15:59:00Z,FRESH-8LB-BEEF-CHICKEN,subscription,1,127.2,paid,fulfilled
DASH-3277,2025-04-26T16:06:00Z,FRESH-8LB-BEEF-CHICKEN,subscription,1,127.2,paid,fulfilled
DASH-3278,2025-04-26T17:13:00Z,FRESH-8LB-BEEF-CHICKEN,subscription,2,254.4,paid,fulfilled
DASH-3279,2025-04-26T08:20:00Z,FRESH-8LB-BEEF-CHICKEN,subscription,1,127.2,paid,fulfilled
DASH-3280,2025-04-26T09:27:00Z,FRESH-8LB-BEEF-CHICKEN,subscription,1,127.2,paid,fulfilled
DASH-3281,2025-04-26T10:34:00Z,FRESH-8LB-BEEF-CHICKEN,trial,1,34.5,paid,fulfilled
DASH-3282,2025-04-26T11:41:00Z,FRESH-8LB-BEEF-CHICKEN,trial,1,34.5,paid,fulfilled
DASH-3283,2025-04-26T12:48:00Z,FRESH-8LB-BEEF-CHICKEN,trial,1,34.5,paid,fulfilled
DASH-3284,2025-04-26T13:55:00Z,FRESH-8LB-BEEF-CHICKEN,subscription,1,127.2,paid,fulfilled
DASH-3285,2025-04-26T14:02:00Z,FRESH-8LB-BEEF-CHICKEN,subscription,1,127.2,paid,fulfilled
DASH-3286,2025-04-26T15:09:00Z,FRESH-8LB-BEEF-CHICKEN,subscription,1,127.2,paid,fulfilled
DASH-3287,2025-04-26T16:16:00Z,FRESH-8LB-BEEF-CHICKEN,subscription,2,254.4,paid,fulfilled
DASH-3288,2025-04-26T17:23:00Z,FRESH-8LB-BEEF-CHICKEN,subscription,1,127.2,paid,fulfilled
DASH-3289,2025-04-26T08:30:00Z,FRESH-8LB-BEEF-CHICKEN,subscription,1,127.2,paid,fulfilled
DASH-3290,2025-04-26T09:37:00Z,FRESH-8LB-BEEF-CHICKEN,subscription,1,127.2,paid,fulfilled
DASH-3291,2025-04-26T10:44:00Z,FRESH-8LB-BEEF-CHICKEN,trial,1,34.5,paid,fulfilled
DASH-3292,2025-04-26T11:51:00Z,FRESH-8LB-BEEF-CHICKEN,trial,1,34.5,paid,fulfilled
DASH-3293,2025-04-26T12:58:00Z,FRESH-8LB-BEEF-CHICKEN,trial,1,34.5,paid,fulfilled
DASH-3294,2025-04-26T13:05:00Z,FRESH-8LB-BEEF-CHICKEN,subscription,1,127.2,paid,fulfilled
DASH-3295,2025-04-26T14:12:00Z,FRESH-8LB-BEEF-CHICKEN,subscription,1,127.2,paid,fulfilled
DASH-3296,2025-04-26T15:19:00Z,FRESH-8LB-BEEF-CHICKEN,subscription,2,254.4,paid,fulfilled
DASH-3297,2025-04-26T16:26:00Z,FRESH-8LB-BEEF-CHICKEN,subscription,1,127.2,paid,fulfilled
DASH-3298,2025-04-26T17:33:00Z,FRESH-8LB-BEEF-CHICKEN,subscription,1,127.2,paid,fulfilled
DASH-3299,2025-04-26T08:40:00Z,FRESH-8LB-BEEF-CHICKEN,subscription,1,127.2,paid,fulfilled
DASH-3300,2025-04-26T09:47:00Z,FRESH-8LB-BEEF-CHICKEN,subscription,1,127.2,paid,fulfilled
DASH-3301,2025-04-26T10:54:00Z,FRESH-8LB-BEEF-CHICKEN,trial,1,34.5,paid,fulfilled
DASH-3302,2025-04-26T11:01:00Z,FRESH-8LB-BEEF-CHICKEN,trial,1,34.5,paid,fulfilled
DASH-3303,2025-04-26T12:08:00Z,FRESH-8LB-BEEF-CHICKEN,trial,1,34.5,paid,fulfilled
DASH-3304,2025-04-26T13:15:00Z,FRESH-8LB-BEEF-CHICKEN,subscription,1,127.2,paid,fulfilled
DASH-3305,2025-04-26T14:22:00Z,FRESH-8LB-BEEF-CHICKEN,subscription,2,254.4,paid,fulfilled
DASH-3306,2025-04-26T15:29:00Z,FRESH-8LB-BEEF-CHICKEN,subscription,1,127.2,paid,fulfilled
DASH-3307,2025-04-26T16:36:00Z,FRESH-8LB-BEEF-CHICKEN,subscription,1,127.2,paid,fulfilled
DASH-3308,2025-04-26T17:43:00Z,FRESH-8LB-BEEF-CHICKEN,subscription,1,127.2,paid,fulfilled
DASH-3309,2025-04-27T08:00:00Z,FRESH-8LB-BEEF-CHICKEN,subscription,2,254.4,paid,fulfilled
DASH-3310,2025-04-27T09:07:00Z,FRESH-8LB-BEEF-CHICKEN,subscription,1,127.2,paid,fulfilled
DASH-3311,2025-04-27T10:14:00Z,FRESH-8LB-BEEF-CHICKEN,trial,1,34.5,paid,fulfilled
DASH-3312,2025-04-27T11:21:00Z,FRESH-8LB-BEEF-CHICKEN,trial,1,34.5,paid,fulfilled
DASH-3313,2025-04-27T12:28:00Z,FRESH-8LB-BEEF-CHICKEN,trial,1,34.5,paid,fulfilled
DASH-3314,2025-04-27T13:35:00Z,FRESH-8LB-BEEF-CHICKEN,subscription,1,127.2,paid,fulfilled
DASH-3315,2025-04-27T14:42:00Z,FRESH-8LB-BEEF-CHICKEN,subscription,1,127.2,paid,fulfilled
DASH-3316,2025-04-27T15:49:00Z,FRESH-8LB-BEEF-CHICKEN,subscription,1,127.2,paid,fulfilled
DASH-3317,2025-04-27T16:56:00Z,FRESH-8LB-BEEF-CHICKEN,subscription,1,127.2,paid,fulfilled
DASH-3318,2025-04-27T17:03:00Z,FRESH-8LB-BEEF-CHICKEN,subscription,2,254.4,paid,fulfilled
DASH-3319,2025-04-27T08:10:00Z,FRESH-8LB-BEEF-CHICKEN,subscription,1,127.2,paid,fulfilled
DASH-3320,2025-04-27T09:17:00Z,FRESH-8LB-BEEF-CHICKEN,subscription,1,127.2,paid,fulfilled
DASH-3321,2025-04-27T10:24:00Z,FRESH-8LB-BEEF-CHICKEN,trial,1,34.5,paid,fulfilled
DASH-3322,2025-04-27T11:31:00Z,FRESH-8LB-BEEF-CHICKEN,trial,1,34.5,paid,fulfilled
DASH-3323,2025-04-27T12:38:00Z,FRESH-8LB-BEEF-CHICKEN,trial,1,34.5,paid,fulfilled
DASH-3324,2025-04-27T13:45:00Z,FRESH-8LB-BEEF-CHICKEN,subscription,1,127.2,paid,fulfilled
DASH-3325,2025-04-27T14:52:00Z,FRESH-8LB-BEEF-CHICKEN,subscription,1,127.2,paid,fulfilled
DASH-3326,2025-04-27T15:59:00Z,FRESH-8LB-BEEF-CHICKEN,subscription,1,127.2,paid,fulfilled
DASH-3327,2025-04-27T16:06:00Z,FRESH-8LB-BEEF-CHICKEN,subscription,2,254.4,paid,fulfilled
DASH-3328,2025-04-27T17:13:00Z,FRESH-8LB-BEEF-CHICKEN,subscription,1,127.2,paid,fulfilled
DASH-3329,2025-04-27T08:20:00Z,FRESH-8LB-BEEF-CHICKEN,subscription,1,127.2,paid,fulfilled
DASH-3330,2025-04-27T09:27:00Z,FRESH-8LB-BEEF-CHICKEN,subscription,1,127.2,paid,fulfilled
DASH-3331,2025-04-27T10:34:00Z,FRESH-8LB-BEEF-CHICKEN,trial,1,34.5,paid,fulfilled
DASH-3332,2025-04-27T11:41:00Z,FRESH-8LB-BEEF-CHICKEN,trial,1,34.5,paid,fulfilled
DASH-3333,2025-04-27T12:48:00Z,FRESH-8LB-BEEF-CHICKEN,trial,1,34.5,paid,fulfilled
DASH-3334,2025-04-27T13:55:00Z,FRESH-8LB-BEEF-CHICKEN,subscription,1,127.2,paid,fulfilled
DASH-3335,2025-04-27T14:02:00Z,FRESH-8LB-BEEF-CHICKEN,subscription,1,127.2,paid,fulfilled
DASH-3336,2025-04-27T15:09:00Z,FRESH-8LB-BEEF-CHICKEN,subscription,2,254.4,paid,fulfilled
DASH-3337,2025-04-27T16:16:00Z,FRESH-8LB-BEEF-CHICKEN,subscription,1,127.2,paid,fulfilled
DASH-3338,2025-04-27T17:23:00Z,FRESH-8LB-BEEF-CHICKEN,subscription,1,127.2,paid,fulfilled
DASH-3339,2025-04-27T08:30:00Z,FRESH-8LB-BEEF-CHICKEN,subscription,1,127.2,paid,fulfilled
DASH-3340,2025-04-27T09:37:00Z,FRESH-8LB-BEEF-CHICKEN,subscription,1,127.2,paid,fulfilled
DASH-3341,2025-04-27T10:44:00Z,FRESH-8LB-BEEF-CHICKEN,trial,1,34.5,paid,fulfilled
DASH-3342,2025-04-27T11:51:00Z,FRESH-8LB-BEEF-CHICKEN,trial,1,34.5,paid,fulfilled
DASH-3343,2025-04-27T12:58:00Z,FRESH-8LB-BEEF-CHICKEN,trial,1,34.5,paid,fulfilled
DASH-3344,2025-04-27T13:05:00Z,FRESH-8LB-BEEF-CHICKEN,subscription,1,127.2,paid,fulfilled
DASH-3345,2025-04-27T14:12:00Z,FRESH-8LB-BEEF-CHICKEN,subscription,2,254.4,paid,fulfilled
DASH-3346,2025-04-27T15:19:00Z,FRESH-8LB-BEEF-CHICKEN,subscription,1,127.2,paid,fulfilled
DASH-3347,2025-04-27T16:26:00Z,FRESH-8LB-BEEF-CHICKEN,subscription,1,127.2,paid,fulfilled
DASH-3348,2025-04-27T17:33:00Z,FRESH-8LB-BEEF-CHICKEN,subscription,1,127.2,paid,fulfilled
DASH-3349,2025-04-27T08:40:00Z,FRESH-8LB-BEEF-CHICKEN,subscription,1,127.2,paid,fulfilled
DASH-3350,2025-04-27T09:47:00Z,FRESH-8LB-BEEF-CHICKEN,subscription,1,127.2,paid,fulfilled
DASH-3351,2025-04-27T10:54:00Z,FRESH-8LB-BEEF-CHICKEN,trial,1,34.5,paid,fulfilled
DASH-3352,2025-04-27T11:01:00Z,FRESH-8LB-BEEF-CHICKEN,trial,1,34.5,paid,fulfilled
DASH-3353,2025-04-27T12:08:00Z,FRESH-8LB-BEEF-CHICKEN,trial,1,34.5,paid,fulfilled
DASH-3354,2025-04-27T13:15:00Z,FRESH-8LB-BEEF-CHICKEN,subscription,2,254.4,paid,fulfilled
DASH-3355,2025-04-27T14:22:00Z,FRESH-8LB-BEEF-CHICKEN,subscription,1,127.2,paid,fulfilled
DASH-3356,2025-04-27T15:29:00Z,FRESH-8LB-BEEF-CHICKEN,subscription,1,127.2,paid,fulfilled
DASH-3357,2025-04-27T16:36:00Z,FRESH-8LB-BEEF-CHICKEN,subscription,1,127.2,paid,fulfilled
DASH-3358,2025-04-27T17:43:00Z,FRESH-8LB-BEEF-CHICKEN,subscription,1,127.2,paid,fulfilled
DASH-3359,2025-04-28T08:00:00Z,FRESH-8LB-BEEF-CHICKEN,subscription,1,127.2,paid,fulfilled
DASH-3360,2025-04-28T09:07:00Z,FRESH-8LB-BEEF-CHICKEN,subscription,1,127.2,paid,fulfilled
DASH-3361,2025-04-28T10:14:00Z,FRESH-8LB-BEEF-CHICKEN,trial,1,34.5,paid,fulfilled
DASH-3362,2025-04-28T11:21:00Z,FRESH-8LB-BEEF-CHICKEN,trial,1,34.5,paid,fulfilled
DASH-3363,2025-04-28T12:28:00Z,FRESH-8LB-BEEF-CHICKEN,trial,1,34.5,paid,fulfilled
DASH-3364,2025-04-28T13:35:00Z,FRESH-8LB-BEEF-CHICKEN,subscription,1,127.2,paid,fulfilled
DASH-3365,2025-04-28T14:42:00Z,FRESH-8LB-BEEF-CHICKEN,subscription,1,127.2,paid,fulfilled
DASH-3366,2025-04-28T15:49:00Z,FRESH-8LB-BEEF-CHICKEN,subscription,1,127.2,paid,fulfilled
DASH-3367,2025-04-28T16:56:00Z,FRESH-8LB-BEEF-CHICKEN,subscription,2,254.4,paid,fulfilled
DASH-3368,2025-04-28T17:03:00Z,FRESH-8LB-BEEF-CHICKEN,subscription,1,127.2,paid,fulfilled
DASH-3369,2025-04-28T08:10:00Z,FRESH-8LB-BEEF-CHICKEN,subscription,1,127.2,paid,fulfilled
DASH-3370,2025-04-28T09:17:00Z,FRESH-8LB-BEEF-CHICKEN,subscription,1,127.2,paid,fulfilled
DASH-3371,2025-04-28T10:24:00Z,FRESH-8LB-BEEF-CHICKEN,trial,1,34.5,paid,fulfilled
DASH-3372,2025-04-28T11:31:00Z,FRESH-8LB-BEEF-CHICKEN,trial,1,34.5,paid,fulfilled
DASH-3373,2025-04-28T12:38:00Z,FRESH-8LB-BEEF-CHICKEN,trial,1,34.5,paid,fulfilled
DASH-3374,2025-04-28T13:45:00Z,FRESH-8LB-BEEF-CHICKEN,subscription,1,127.2,paid,fulfilled
DASH-3375,2025-04-28T14:52:00Z,FRESH-8LB-BEEF-CHICKEN,subscription,1,127.2,paid,fulfilled
DASH-3376,2025-04-28T15:59:00Z,FRESH-8LB-BEEF-CHICKEN,subscription,2,254.4,paid,fulfilled
DASH-3377,2025-04-28T16:06:00Z,FRESH-8LB-BEEF-CHICKEN,subscription,1,127.2,paid,fulfilled
DASH-3378,2025-04-28T17:13:00Z,FRESH-8LB-BEEF-CHICKEN,subscription,1,127.2,paid,fulfilled
DASH-3379,2025-04-28T08:20:00Z,FRESH-8LB-BEEF-CHICKEN,subscription,1,127.2,paid,fulfilled
DASH-3380,2025-04-28T09:27:00Z,FRESH-8LB-BEEF-CHICKEN,subscription,1,127.2,paid,fulfilled
DASH-3381,2025-04-28T10:34:00Z,FRESH-8LB-BEEF-CHICKEN,trial,1,34.5,paid,fulfilled
DASH-3382,2025-04-28T11:41:00Z,FRESH-8LB-BEEF-CHICKEN,trial,1,34.5,paid,fulfilled
DASH-3383,2025-04-28T12:48:00Z,FRESH-8LB-BEEF-CHICKEN,trial,1,34.5,paid,fulfilled
DASH-3384,2025-04-28T13:55:00Z,FRESH-8LB-BEEF-CHICKEN,subscription,1,127.2,paid,fulfilled
DASH-3385,2025-04-28T14:02:00Z,FRESH-8LB-BEEF-CHICKEN,subscription,2,254.4,paid,fulfilled
DASH-3386,2025-04-28T15:09:00Z,FRESH-8LB-BEEF-CHICKEN,subscription,1,127.2,paid,fulfilled
DASH-3387,2025-04-28T16:16:00Z,FRESH-8LB-BEEF-CHICKEN,subscription,1,127.2,paid,fulfilled
DASH-3388,2025-04-28T17:23:00Z,FRESH-8LB-BEEF-CHICKEN,subscription,1,127.2,paid,fulfilled
DASH-3389,2025-04-28T08:30:00Z,FRESH-8LB-BEEF-CHICKEN,subscription,1,127.2,paid,fulfilled
DASH-3390,2025-04-28T09:37:00Z,FRESH-8LB-BEEF-CHICKEN,subscription,1,127.2,paid,fulfilled
DASH-3391,2025-04-28T10:44:00Z,FRESH-8LB-BEEF-CHICKEN,trial,1,34.5,paid,fulfilled
DASH-3392,2025-04-28T11:51:00Z,FRESH-8LB-BEEF-CHICKEN,trial,1,34.5,paid,fulfilled
DASH-3393,2025-04-28T12:58:00Z,FRESH-8LB-BEEF-CHICKEN,trial,1,34.5,paid,fulfilled
DASH-3394,2025-04-28T13:05:00Z,FRESH-8LB-BEEF-CHICKEN,subscription,2,254.4,paid,fulfilled
DASH-3395,2025-04-28T14:12:00Z,FRESH-8LB-BEEF-CHICKEN,subscription,1,127.2,paid,fulfilled
DASH-3396,2025-04-28T15:19:00Z,FRESH-8LB-BEEF-CHICKEN,subscription,1,127.2,paid,fulfilled
DASH-3397,2025-04-28T16:26:00Z,FRESH-8LB-BEEF-CHICKEN,subscription,1,127.2,paid,fulfilled
DASH-3398,2025-04-28T17:33:00Z,FRESH-8LB-BEEF-CHICKEN,subscription,1,127.2,paid,fulfilled
DASH-3399,2025-04-28T08:40:00Z,FRESH-8LB-BEEF-CHICKEN,subscription,1,127.2,paid,fulfilled
DASH-3400,2025-04-28T09:47:00Z,FRESH-8LB-BEEF-CHICKEN,subscription,1,127.2,paid,fulfilled
DASH-3401,2025-04-28T10:54:00Z,FRESH-8LB-BEEF-CHICKEN,trial,1,34.5,paid,fulfilled
DASH-3402,2025-04-28T11:01:00Z,FRESH-8LB-BEEF-CHICKEN,trial,1,34.5,paid,fulfilled
DASH-3403,2025-04-28T12:08:00Z,FRESH-8LB-BEEF-CHICKEN,trial,1,34.5,paid,fulfilled
DASH-3404,2025-04-28T13:15:00Z,FRESH-8LB-BEEF-CHICKEN,subscription,1,127.2,paid,fulfilled
DASH-3405,2025-04-28T14:22:00Z,FRESH-8LB-BEEF-CHICKEN,subscription,1,127.2,paid,fulfilled
DASH-3406,2025-04-28T15:29:00Z,FRESH-8LB-BEEF-CHICKEN,subscription,1,127.2,paid,fulfilled
DASH-3407,2025-04-28T16:36:00Z,FRESH-8LB-BEEF-CHICKEN,subscription,1,127.2,paid,fulfilled
DASH-3408,2025-04-28T17:43:00Z,FRESH-8LB-BEEF-CHICKEN,subscription,1,127.2,paid,fulfilled
DASH-3409,2025-04-29T08:00:00Z,FRESH-8LB-BEEF-CHICKEN,subscription,1,127.2,paid,fulfilled
DASH-3410,2025-04-29T09:07:00Z,FRESH-8LB-BEEF-CHICKEN,subscription,1,127.2,paid,fulfilled
DASH-3411,2025-04-29T10:14:00Z,FRESH-8LB-BEEF-CHICKEN,trial,1,34.5,paid,fulfilled
DASH-3412,2025-04-29T11:21:00Z,FRESH-8LB-BEEF-CHICKEN,trial,1,34.5,paid,fulfilled
DASH-3413,2025-04-29T12:28:00Z,FRESH-8LB-BEEF-CHICKEN,trial,1,34.5,paid,fulfilled
DASH-3414,2025-04-29T13:35:00Z,FRESH-8LB-BEEF-CHICKEN,subscription,1,127.2,paid,fulfilled
DASH-3415,2025-04-29T14:42:00Z,FRESH-8LB-BEEF-CHICKEN,subscription,1,127.2,paid,fulfilled
DASH-3416,2025-04-29T15:49:00Z,FRESH-8LB-BEEF-CHICKEN,subscription,2,254.4,paid,fulfilled
DASH-3417,2025-04-29T16:56:00Z,FRESH-8LB-BEEF-CHICKEN,subscription,1,127.2,paid,fulfilled
DASH-3418,2025-04-29T17:03:00Z,FRESH-8LB-BEEF-CHICKEN,subscription,1,127.2,paid,fulfilled
DASH-3419,2025-04-29T08:10:00Z,FRESH-8LB-BEEF-CHICKEN,subscription,1,127.2,paid,fulfilled
DASH-3420,2025-04-29T09:17:00Z,FRESH-8LB-BEEF-CHICKEN,subscription,1,127.2,paid,fulfilled
DASH-3421,2025-04-29T10:24:00Z,FRESH-8LB-BEEF-CHICKEN,trial,1,34.5,paid,fulfilled
DASH-3422,2025-04-29T11:31:00Z,FRESH-8LB-BEEF-CHICKEN,trial,1,34.5,paid,fulfilled
DASH-3423,2025-04-29T12:38:00Z,FRESH-8LB-BEEF-CHICKEN,trial,1,34.5,paid,fulfilled
DASH-3424,2025-04-29T13:45:00Z,FRESH-8LB-BEEF-CHICKEN,subscription,1,127.2,paid,fulfilled
DASH-3425,2025-04-29T14:52:00Z,FRESH-8LB-BEEF-CHICKEN,subscription,2,254.4,paid,fulfilled
DASH-3426,2025-04-29T15:59:00Z,FRESH-8LB-BEEF-CHICKEN,subscription,1,127.2,paid,fulfilled
DASH-3427,2025-04-29T16:06:00Z,FRESH-8LB-BEEF-CHICKEN,subscription,1,127.2,paid,fulfilled
DASH-3428,2025-04-29T17:13:00Z,FRESH-8LB-BEEF-CHICKEN,subscription,1,127.2,paid,fulfilled
DASH-3429,2025-04-29T08:20:00Z,FRESH-8LB-BEEF-CHICKEN,subscription,1,127.2,paid,fulfilled
DASH-3430,2025-04-29T09:27:00Z,FRESH-8LB-BEEF-CHICKEN,subscription,1,127.2,paid,fulfilled
DASH-3431,2025-04-29T10:34:00Z,FRESH-8LB-BEEF-CHICKEN,trial,1,34.5,paid,fulfilled
DASH-3432,2025-04-29T11:41:00Z,FRESH-8LB-BEEF-CHICKEN,trial,1,34.5,paid,fulfilled
DASH-3433,2025-04-29T12:48:00Z,FRESH-8LB-BEEF-CHICKEN,trial,1,34.5,paid,fulfilled
DASH-3434,2025-04-29T13:55:00Z,FRESH-8LB-BEEF-CHICKEN,subscription,2,254.4,paid,fulfilled
DASH-3435,2025-04-29T14:02:00Z,FRESH-8LB-BEEF-CHICKEN,subscription,1,127.2,paid,fulfilled
DASH-3436,2025-04-29T15:09:00Z,FRESH-8LB-BEEF-CHICKEN,subscription,1,127.2,paid,fulfilled
DASH-3437,2025-04-29T16:16:00Z,FRESH-8LB-BEEF-CHICKEN,subscription,1,127.2,paid,fulfilled
DASH-3438,2025-04-29T17:23:00Z,FRESH-8LB-BEEF-CHICKEN,subscription,1,127.2,paid,fulfilled
DASH-3439,2025-04-29T08:30:00Z,FRESH-8LB-BEEF-CHICKEN,subscription,1,127.2,paid,fulfilled
DASH-3440,2025-04-29T09:37:00Z,FRESH-8LB-BEEF-CHICKEN,subscription,1,127.2,paid,fulfilled
DASH-3441,2025-04-29T10:44:00Z,FRESH-8LB-BEEF-CHICKEN,trial,1,34.5,paid,fulfilled
DASH-3442,2025-04-29T11:51:00Z,FRESH-8LB-BEEF-CHICKEN,trial,1,34.5,paid,fulfilled
DASH-3443,2025-04-29T12:58:00Z,FRESH-8LB-BEEF-CHICKEN,trial,1,34.5,paid,fulfilled
DASH-3444,2025-04-29T13:05:00Z,FRESH-8LB-BEEF-CHICKEN,subscription,1,127.2,paid,fulfilled
DASH-3445,2025-04-29T14:12:00Z,FRESH-8LB-BEEF-CHICKEN,subscription,1,127.2,paid,fulfilled
DASH-3446,2025-04-29T15:19:00Z,FRESH-8LB-BEEF-CHICKEN,subscription,1,127.2,paid,fulfilled
DASH-3447,2025-04-29T16:26:00Z,FRESH-8LB-BEEF-CHICKEN,subscription,1,127.2,paid,fulfilled
DASH-3448,2025-04-29T17:33:00Z,FRESH-8LB-BEEF-CHICKEN,subscription,1,127.2,paid,fulfilled
DASH-3449,2025-04-29T08:40:00Z,FRESH-8LB-BEEF-CHICKEN,subscription,1,127.2,paid,fulfilled
DASH-3450,2025-04-29T09:47:00Z,FRESH-8LB-BEEF-CHICKEN,subscription,1,127.2,paid,fulfilled
DASH-3451,2025-04-29T10:54:00Z,FRESH-8LB-BEEF-CHICKEN,trial,1,34.5,paid,fulfilled
DASH-3452,2025-04-29T11:01:00Z,FRESH-8LB-BEEF-CHICKEN,trial,1,34.5,paid,fulfilled
DASH-3453,2025-04-29T12:08:00Z,FRESH-8LB-BEEF-CHICKEN,trial,1,34.5,paid,fulfilled
DASH-3454,2025-04-29T13:15:00Z,FRESH-8LB-BEEF-CHICKEN,subscription,1,127.2,paid,fulfilled
DASH-3455,2025-04-29T14:22:00Z,FRESH-8LB-BEEF-CHICKEN,subscription,1,127.2,paid,fulfilled
DASH-3456,2025-04-29T15:29:00Z,FRESH-8LB-BEEF-CHICKEN,subscription,1,127.2,paid,fulfilled
DASH-3457,2025-04-29T16:36:00Z,FRESH-8LB-BEEF-CHICKEN,subscription,1,127.2,paid,fulfilled
DASH-3458,2025-04-29T17:43:00Z,FRESH-8LB-BEEF-CHICKEN,subscription,1,127.2,paid,fulfilled
DASH-3459,2025-04-29T08:50:00Z,FRESH-8LB-BEEF-CHICKEN,subscription,1,127.2,paid,fulfilled
DASH-3460,2025-04-29T09:57:00Z,FRESH-8LB-BEEF-CHICKEN,subscription,1,127.2,paid,fulfilled
DASH-3461,2025-04-29T10:04:00Z,FRESH-8LB-BEEF-CHICKEN,trial,1,34.5,paid,fulfilled
DASH-3462,2025-04-29T11:11:00Z,FRESH-8LB-BEEF-CHICKEN,trial,1,34.5,paid,fulfilled
DASH-3463,2025-04-29T12:18:00Z,FRESH-8LB-BEEF-CHICKEN,trial,1,34.5,paid,fulfilled
DASH-3464,2025-04-29T13:25:00Z,FRESH-8LB-BEEF-CHICKEN,subscription,1,127.2,paid,fulfilled
DASH-3465,2025-04-30T08:00:00Z,FRESH-8LB-BEEF-CHICKEN,subscription,1,127.2,paid,fulfilled
DASH-3466,2025-04-30T09:07:00Z,FRESH-8LB-BEEF-CHICKEN,subscription,1,127.2,paid,fulfilled
DASH-3467,2025-04-30T10:14:00Z,FRESH-8LB-BEEF-CHICKEN,subscription,1,127.2,paid,fulfilled
DASH-3468,2025-04-30T11:21:00Z,FRESH-8LB-BEEF-CHICKEN,subscription,1,127.2,paid,fulfilled
DASH-3469,2025-04-30T12:28:00Z,FRESH-8LB-BEEF-CHICKEN,subscription,1,127.2,paid,fulfilled
DASH-3470,2025-04-30T13:35:00Z,FRESH-8LB-BEEF-CHICKEN,subscription,1,127.2,paid,fulfilled
DASH-3471,2025-04-30T14:42:00Z,FRESH-8LB-BEEF-CHICKEN,trial,1,34.5,paid,fulfilled
DASH-3472,2025-04-30T15:49:00Z,FRESH-8LB-BEEF-CHICKEN,trial,1,34.5,paid,fulfilled
DASH-3473,2025-04-30T16:56:00Z,FRESH-8LB-BEEF-CHICKEN,trial,1,34.5,paid,fulfilled
DASH-3474,2025-04-30T17:03:00Z,FRESH-8LB-BEEF-CHICKEN,subscription,1,127.2,paid,fulfilled
DASH-3475,2025-04-30T08:10:00Z,FRESH-8LB-BEEF-CHICKEN,subscription,1,127.2,paid,fulfilled
DASH-3476,2025-04-30T09:17:00Z,FRESH-8LB-BEEF-CHICKEN,subscription,1,127.2,paid,fulfilled
DASH-3477,2025-04-30T10:24:00Z,FRESH-8LB-BEEF-CHICKEN,subscription,1,127.2,paid,fulfilled
DASH-3478,2025-04-30T11:31:00Z,FRESH-8LB-BEEF-CHICKEN,subscription,1,127.2,paid,fulfilled
DASH-3479,2025-04-30T12:38:00Z,FRESH-8LB-BEEF-CHICKEN,subscription,1,127.2,paid,fulfilled
DASH-3480,2025-04-30T13:45:00Z,FRESH-8LB-BEEF-CHICKEN,subscription,2,254.4,paid,fulfilled
DASH-3481,2025-04-30T14:52:00Z,FRESH-8LB-BEEF-CHICKEN,trial,1,34.5,paid,fulfilled
DASH-3482,2025-04-30T15:59:00Z,FRESH-8LB-BEEF-CHICKEN,trial,1,34.5,paid,fulfilled
DASH-3483,2025-04-30T16:06:00Z,FRESH-8LB-BEEF-CHICKEN,trial,1,34.5,paid,fulfilled
DASH-3484,2025-04-30T17:13:00Z,FRESH-8LB-BEEF-CHICKEN,subscription,1,127.2,paid,fulfilled
DASH-3485,2025-04-30T08:20:00Z,FRESH-8LB-BEEF-CHICKEN,subscription,1,127.2,paid,fulfilled
DASH-3486,2025-04-30T09:27:00Z,FRESH-8LB-BEEF-CHICKEN,subscription,1,127.2,paid,fulfilled
DASH-3487,2025-04-30T10:34:00Z,FRESH-8LB-BEEF-CHICKEN,subscription,1,127.2,paid,fulfilled
DASH-3488,2025-04-30T11:41:00Z,FRESH-8LB-BEEF-CHICKEN,subscription,1,127.2,paid,fulfilled
DASH-3489,2025-04-30T12:48:00Z,FRESH-8LB-BEEF-CHICKEN,subscription,2,254.4,paid,fulfilled
DASH-3490,2025-04-30T13:55:00Z,FRESH-8LB-BEEF-CHICKEN,subscription,1,127.2,paid,fulfilled
DASH-3491,2025-04-30T14:02:00Z,FRESH-8LB-BEEF-CHICKEN,trial,1,34.5,paid,fulfilled
DASH-3492,2025-04-30T15:09:00Z,FRESH-8LB-BEEF-CHICKEN,trial,1,34.5,paid,fulfilled
DASH-3493,2025-04-30T16:16:00Z,FRESH-8LB-BEEF-CHICKEN,trial,1,34.5,paid,fulfilled
DASH-3494,2025-04-30T17:23:00Z,FRESH-8LB-BEEF-CHICKEN,subscription,1,127.2,paid,fulfilled
DASH-3495,2025-04-30T08:30:00Z,FRESH-8LB-BEEF-CHICKEN,subscription,1,127.2,paid,fulfilled
DASH-3496,2025-04-30T09:37:00Z,FRESH-8LB-BEEF-CHICKEN,subscription,1,127.2,paid,fulfilled
DASH-3497,2025-04-30T10:44:00Z,FRESH-8LB-BEEF-CHICKEN,subscription,1,127.2,paid,fulfilled
DASH-3498,2025-04-30T11:51:00Z,FRESH-8LB-BEEF-CHICKEN,subscription,2,254.4,paid,fulfilled
DASH-3499,2025-04-30T12:58:00Z,FRESH-8LB-BEEF-CHICKEN,subscription,1,127.2,paid,fulfilled
DASH-3500,2025-04-30T13:05:00Z,FRESH-8LB-BEEF-CHICKEN,subscription,1,127.2,paid,fulfilled
DASH-3501,2025-04-30T14:12:00Z,FRESH-8LB-BEEF-CHICKEN,trial,1,34.5,paid,fulfilled
DASH-3502,2025-04-30T15:19:00Z,FRESH-8LB-BEEF-CHICKEN,trial,1,34.5,paid,fulfilled
DASH-3503,2025-04-30T16:26:00Z,FRESH-8LB-BEEF-CHICKEN,trial,1,34.5,paid,fulfilled
DASH-3504,2025-04-30T17:33:00Z,FRESH-8LB-BEEF-CHICKEN,subscription,1,127.2,paid,fulfilled
DASH-3505,2025-04-30T08:40:00Z,FRESH-8LB-BEEF-CHICKEN,subscription,1,127.2,paid,fulfilled
DASH-3506,2025-04-30T09:47:00Z,FRESH-8LB-BEEF-CHICKEN,subscription,1,127.2,paid,fulfilled
DASH-3507,2025-04-30T10:54:00Z,FRESH-8LB-BEEF-CHICKEN,subscription,2,254.4,paid,fulfilled
DASH-3508,2025-04-30T11:01:00Z,FRESH-8LB-BEEF-CHICKEN,subscription,1,127.2,paid,fulfilled
DASH-3509,2025-04-30T12:08:00Z,FRESH-8LB-BEEF-CHICKEN,subscription,1,127.2,paid,fulfilled
DASH-3510,2025-04-30T13:15:00Z,FRESH-8LB-BEEF-CHICKEN,subscription,1,127.2,paid,fulfilled
DASH-3511,2025-04-30T14:22:00Z,FRESH-8LB-BEEF-CHICKEN,trial,1,34.5,paid,fulfilled
DASH-3512,2025-04-30T15:29:00Z,FRESH-8LB-BEEF-CHICKEN,trial,1,34.5,paid,fulfilled
DASH-3513,2025-04-30T16:36:00Z,FRESH-8LB-BEEF-CHICKEN,trial,1,34.5,paid,fulfilled
DASH-3514,2025-04-30T17:43:00Z,FRESH-8LB-BEEF-CHICKEN,subscription,1,127.2,paid,fulfilled
DASH-3515,2025-04-30T08:50:00Z,FRESH-8LB-BEEF-CHICKEN,subscription,1,127.2,paid,fulfilled
DASH-3516,2025-04-30T09:57:00Z,FRESH-8LB-BEEF-CHICKEN,subscription,2,254.4,paid,fulfilled
DASH-3517,2025-04-30T10:04:00Z,FRESH-8LB-BEEF-CHICKEN,subscription,1,127.2,paid,fulfilled
DASH-3518,2025-04-30T11:11:00Z,FRESH-8LB-BEEF-CHICKEN,subscription,1,127.2,paid,fulfilled
DASH-3519,2025-04-30T12:18:00Z,FRESH-8LB-BEEF-CHICKEN,subscription,1,127.2,paid,fulfilled
DASH-3520,2025-04-30T13:25:00Z,FRESH-8LB-BEEF-CHICKEN,subscription,1,127.2,paid,fulfilled
DASH-3521,2025-04-30T14:32:00Z,FRESH-8LB-BEEF-CHICKEN,trial,1,34.5,paid,fulfilled
DASH-3522,2025-04-30T15:39:00Z,FRESH-8LB-BEEF-CHICKEN,trial,1,34.5,paid,fulfilled
DASH-3523,2025-04-30T16:46:00Z,FRESH-8LB-BEEF-CHICKEN,trial,1,34.5,paid,fulfilled
DASH-3524,2025-04-30T17:53:00Z,FRESH-8LB-BEEF-CHICKEN,subscription,1,127.2,paid,fulfilled
DASH-3525,2025-04-01T08:00:00Z,FRESH-8LB-BEEF-TURKEY,trial,1,34.5,paid,fulfilled
DASH-3526,2025-04-01T09:07:00Z,FRESH-8LB-BEEF-TURKEY,trial,1,34.5,paid,fulfilled
DASH-3527,2025-04-01T10:14:00Z,FRESH-8LB-BEEF-TURKEY,trial,1,34.5,paid,fulfilled
DASH-3528,2025-04-01T11:21:00Z,FRESH-8LB-BEEF-TURKEY,subscription,1,127.2,paid,fulfilled
DASH-3529,2025-04-01T12:28:00Z,FRESH-8LB-BEEF-TURKEY,subscription,1,127.2,paid,fulfilled
DASH-3530,2025-04-01T13:35:00Z,FRESH-8LB-BEEF-TURKEY,subscription,1,127.2,paid,fulfilled
DASH-3531,2025-04-01T14:42:00Z,FRESH-8LB-BEEF-TURKEY,subscription,1,127.2,paid,fulfilled
DASH-3532,2025-04-01T15:49:00Z,FRESH-8LB-BEEF-TURKEY,subscription,1,127.2,paid,fulfilled
DASH-3533,2025-04-01T16:56:00Z,FRESH-8LB-BEEF-TURKEY,subscription,2,254.4,paid,fulfilled
DASH-3534,2025-04-01T17:03:00Z,FRESH-8LB-BEEF-TURKEY,subscription,1,127.2,paid,fulfilled
DASH-3535,2025-04-01T08:10:00Z,FRESH-8LB-BEEF-TURKEY,trial,1,34.5,paid,fulfilled
DASH-3536,2025-04-01T09:17:00Z,FRESH-8LB-BEEF-TURKEY,trial,1,34.5,paid,fulfilled
DASH-3537,2025-04-01T10:24:00Z,FRESH-8LB-BEEF-TURKEY,trial,1,34.5,paid,fulfilled
DASH-3538,2025-04-01T11:31:00Z,FRESH-8LB-BEEF-TURKEY,subscription,1,127.2,paid,fulfilled
DASH-3539,2025-04-01T12:38:00Z,FRESH-8LB-BEEF-TURKEY,subscription,1,127.2,paid,fulfilled
DASH-3540,2025-04-01T13:45:00Z,FRESH-8LB-BEEF-TURKEY,subscription,1,127.2,paid,fulfilled
DASH-3541,2025-04-01T14:52:00Z,FRESH-8LB-BEEF-TURKEY,subscription,1,127.2,paid,fulfilled
DASH-3542,2025-04-01T15:59:00Z,FRESH-8LB-BEEF-TURKEY,subscription,2,254.4,paid,fulfilled
DASH-3543,2025-04-01T16:06:00Z,FRESH-8LB-BEEF-TURKEY,subscription,1,127.2,paid,fulfilled
DASH-3544,2025-04-01T17:13:00Z,FRESH-8LB-BEEF-TURKEY,subscription,1,127.2,paid,fulfilled
DASH-3545,2025-04-01T08:20:00Z,FRESH-8LB-BEEF-TURKEY,trial,1,34.5,paid,fulfilled
DASH-3546,2025-04-01T09:27:00Z,FRESH-8LB-BEEF-TURKEY,trial,1,34.5,paid,fulfilled
DASH-3547,2025-04-01T10:34:00Z,FRESH-8LB-BEEF-TURKEY,trial,1,34.5,paid,fulfilled
DASH-3548,2025-04-01T11:41:00Z,FRESH-8LB-BEEF-TURKEY,subscription,1,127.2,paid,fulfilled
DASH-3549,2025-04-01T12:48:00Z,FRESH-8LB-BEEF-TURKEY,subscription,1,127.2,paid,fulfilled
DASH-3550,2025-04-01T13:55:00Z,FRESH-8LB-BEEF-TURKEY,subscription,1,127.2,paid,fulfilled
DASH-3551,2025-04-01T14:02:00Z,FRESH-8LB-BEEF-TURKEY,subscription,2,254.4,paid,fulfilled
DASH-3552,2025-04-01T15:09:00Z,FRESH-8LB-BEEF-TURKEY,subscription,1,127.2,paid,fulfilled
DASH-3553,2025-04-01T16:16:00Z,FRESH-8LB-BEEF-TURKEY,subscription,1,127.2,paid,fulfilled
DASH-3554,2025-04-01T17:23:00Z,FRESH-8LB-BEEF-TURKEY,subscription,1,127.2,paid,fulfilled
DASH-3555,2025-04-02T08:00:00Z,FRESH-8LB-BEEF-TURKEY,trial,1,34.5,paid,fulfilled
DASH-3556,2025-04-02T09:07:00Z,FRESH-8LB-BEEF-TURKEY,trial,1,34.5,paid,fulfilled
DASH-3557,2025-04-02T10:14:00Z,FRESH-8LB-BEEF-TURKEY,trial,1,34.5,paid,fulfilled
DASH-3558,2025-04-02T11:21:00Z,FRESH-8LB-BEEF-TURKEY,subscription,1,127.2,paid,fulfilled
DASH-3559,2025-04-02T12:28:00Z,FRESH-8LB-BEEF-TURKEY,subscription,1,127.2,paid,fulfilled
DASH-3560,2025-04-02T13:35:00Z,FRESH-8LB-BEEF-TURKEY,subscription,1,127.2,paid,fulfilled
DASH-3561,2025-04-02T14:42:00Z,FRESH-8LB-BEEF-TURKEY,subscription,1,127.2,paid,fulfilled
DASH-3562,2025-04-02T15:49:00Z,FRESH-8LB-BEEF-TURKEY,subscription,2,254.4,paid,fulfilled
DASH-3563,2025-04-02T16:56:00Z,FRESH-8LB-BEEF-TURKEY,subscription,1,127.2,paid,fulfilled
DASH-3564,2025-04-02T17:03:00Z,FRESH-8LB-BEEF-TURKEY,subscription,1,127.2,paid,fulfilled
DASH-3565,2025-04-02T08:10:00Z,FRESH-8LB-BEEF-TURKEY,trial,1,34.5,paid,fulfilled
DASH-3566,2025-04-02T09:17:00Z,FRESH-8LB-BEEF-TURKEY,trial,1,34.5,paid,fulfilled
DASH-3567,2025-04-02T10:24:00Z,FRESH-8LB-BEEF-TURKEY,trial,1,34.5,paid,fulfilled
DASH-3568,2025-04-02T11:31:00Z,FRESH-8LB-BEEF-TURKEY,subscription,1,127.2,paid,fulfilled
DASH-3569,2025-04-02T12:38:00Z,FRESH-8LB-BEEF-TURKEY,subscription,1,127.2,paid,fulfilled
DASH-3570,2025-04-02T13:45:00Z,FRESH-8LB-BEEF-TURKEY,subscription,1,127.2,paid,fulfilled
DASH-3571,2025-04-02T14:52:00Z,FRESH-8LB-BEEF-TURKEY,subscription,2,254.4,paid,fulfilled
DASH-3572,2025-04-02T15:59:00Z,FRESH-8LB-BEEF-TURKEY,subscription,1,127.2,paid,fulfilled
DASH-3573,2025-04-02T16:06:00Z,FRESH-8LB-BEEF-TURKEY,subscription,1,127.2,paid,fulfilled
DASH-3574,2025-04-02T17:13:00Z,FRESH-8LB-BEEF-TURKEY,subscription,1,127.2,paid,fulfilled
DASH-3575,2025-04-02T08:20:00Z,FRESH-8LB-BEEF-TURKEY,trial,1,34.5,paid,fulfilled
DASH-3576,2025-04-02T09:27:00Z,FRESH-8LB-BEEF-TURKEY,trial,1,34.5,paid,fulfilled
DASH-3577,2025-04-02T10:34:00Z,FRESH-8LB-BEEF-TURKEY,trial,1,34.5,paid,fulfilled
DASH-3578,2025-04-02T11:41:00Z,FRESH-8LB-BEEF-TURKEY,subscription,1,127.2,paid,fulfilled
DASH-3579,2025-04-02T12:48:00Z,FRESH-8LB-BEEF-TURKEY,subscription,1,127.2,paid,fulfilled
DASH-3580,2025-04-02T13:55:00Z,FRESH-8LB-BEEF-TURKEY,subscription,2,254.4,paid,fulfilled
DASH-3581,2025-04-02T14:02:00Z,FRESH-8LB-BEEF-TURKEY,subscription,1,127.2,paid,fulfilled
DASH-3582,2025-04-02T15:09:00Z,FRESH-8LB-BEEF-TURKEY,subscription,1,127.2,paid,fulfilled
DASH-3583,2025-04-02T16:16:00Z,FRESH-8LB-BEEF-TURKEY,subscription,1,127.2,paid,fulfilled
DASH-3584,2025-04-02T17:23:00Z,FRESH-8LB-BEEF-TURKEY,subscription,1,127.2,paid,fulfilled
DASH-3585,2025-04-03T08:00:00Z,FRESH-8LB-BEEF-TURKEY,trial,1,34.5,paid,fulfilled
DASH-3586,2025-04-03T09:07:00Z,FRESH-8LB-BEEF-TURKEY,trial,1,34.5,paid,fulfilled
DASH-3587,2025-04-03T10:14:00Z,FRESH-8LB-BEEF-TURKEY,trial,1,34.5,paid,fulfilled
DASH-3588,2025-04-03T11:21:00Z,FRESH-8LB-BEEF-TURKEY,subscription,1,127.2,paid,fulfilled
DASH-3589,2025-04-03T12:28:00Z,FRESH-8LB-BEEF-TURKEY,subscription,1,127.2,paid,fulfilled
DASH-3590,2025-04-03T13:35:00Z,FRESH-8LB-BEEF-TURKEY,subscription,1,127.2,paid,fulfilled
DASH-3591,2025-04-03T14:42:00Z,FRESH-8LB-BEEF-TURKEY,subscription,2,254.4,paid,fulfilled
DASH-3592,2025-04-03T15:49:00Z,FRESH-8LB-BEEF-TURKEY,subscription,1,127.2,paid,fulfilled
DASH-3593,2025-04-03T16:56:00Z,FRESH-8LB-BEEF-TURKEY,subscription,1,127.2,paid,fulfilled
DASH-3594,2025-04-03T17:03:00Z,FRESH-8LB-BEEF-TURKEY,subscription,1,127.2,paid,fulfilled
DASH-3595,2025-04-03T08:10:00Z,FRESH-8LB-BEEF-TURKEY,trial,1,34.5,paid,fulfilled
DASH-3596,2025-04-03T09:17:00Z,FRESH-8LB-BEEF-TURKEY,trial,1,34.5,paid,fulfilled
DASH-3597,2025-04-03T10:24:00Z,FRESH-8LB-BEEF-TURKEY,trial,1,34.5,paid,fulfilled
DASH-3598,2025-04-03T11:31:00Z,FRESH-8LB-BEEF-TURKEY,subscription,1,127.2,paid,fulfilled
DASH-3599,2025-04-03T12:38:00Z,FRESH-8LB-BEEF-TURKEY,subscription,1,127.2,paid,fulfilled
DASH-3600,2025-04-03T13:45:00Z,FRESH-8LB-BEEF-TURKEY,subscription,2,254.4,paid,fulfilled
DASH-3601,2025-04-03T14:52:00Z,FRESH-8LB-BEEF-TURKEY,subscription,1,127.2,paid,fulfilled
DASH-3602,2025-04-03T15:59:00Z,FRESH-8LB-BEEF-TURKEY,subscription,1,127.2,paid,fulfilled
DASH-3603,2025-04-03T16:06:00Z,FRESH-8LB-BEEF-TURKEY,subscription,1,127.2,paid,fulfilled
DASH-3604,2025-04-03T17:13:00Z,FRESH-8LB-BEEF-TURKEY,subscription,1,127.2,paid,fulfilled
DASH-3605,2025-04-03T08:20:00Z,FRESH-8LB-BEEF-TURKEY,trial,1,34.5,paid,fulfilled
DASH-3606,2025-04-03T09:27:00Z,FRESH-8LB-BEEF-TURKEY,trial,1,34.5,paid,fulfilled
DASH-3607,2025-04-03T10:34:00Z,FRESH-8LB-BEEF-TURKEY,trial,1,34.5,paid,fulfilled
DASH-3608,2025-04-03T11:41:00Z,FRESH-8LB-BEEF-TURKEY,subscription,1,127.2,paid,fulfilled
DASH-3609,2025-04-03T12:48:00Z,FRESH-8LB-BEEF-TURKEY,subscription,2,254.4,paid,fulfilled
DASH-3610,2025-04-03T13:55:00Z,FRESH-8LB-BEEF-TURKEY,subscription,1,127.2,paid,fulfilled
DASH-3611,2025-04-03T14:02:00Z,FRESH-8LB-BEEF-TURKEY,subscription,1,127.2,paid,fulfilled
DASH-3612,2025-04-03T15:09:00Z,FRESH-8LB-BEEF-TURKEY,subscription,1,127.2,paid,fulfilled
DASH-3613,2025-04-03T16:16:00Z,FRESH-8LB-BEEF-TURKEY,subscription,1,127.2,paid,fulfilled
DASH-3614,2025-04-03T17:23:00Z,FRESH-8LB-BEEF-TURKEY,subscription,1,127.2,paid,fulfilled
DASH-3615,2025-04-04T08:00:00Z,FRESH-8LB-BEEF-TURKEY,trial,1,34.5,paid,fulfilled
DASH-3616,2025-04-04T09:07:00Z,FRESH-8LB-BEEF-TURKEY,trial,1,34.5,paid,fulfilled
DASH-3617,2025-04-04T10:14:00Z,FRESH-8LB-BEEF-TURKEY,trial,1,34.5,paid,fulfilled
DASH-3618,2025-04-04T11:21:00Z,FRESH-8LB-BEEF-TURKEY,subscription,1,127.2,paid,fulfilled
DASH-3619,2025-04-04T12:28:00Z,FRESH-8LB-BEEF-TURKEY,subscription,1,127.2,paid,fulfilled
DASH-3620,2025-04-04T13:35:00Z,FRESH-8LB-BEEF-TURKEY,subscription,2,254.4,paid,fulfilled
DASH-3621,2025-04-04T14:42:00Z,FRESH-8LB-BEEF-TURKEY,subscription,1,127.2,paid,fulfilled
DASH-3622,2025-04-04T15:49:00Z,FRESH-8LB-BEEF-TURKEY,subscription,1,127.2,paid,fulfilled
DASH-3623,2025-04-04T16:56:00Z,FRESH-8LB-BEEF-TURKEY,subscription,1,127.2,paid,fulfilled
DASH-3624,2025-04-04T17:03:00Z,FRESH-8LB-BEEF-TURKEY,subscription,1,127.2,paid,fulfilled
DASH-3625,2025-04-04T08:10:00Z,FRESH-8LB-BEEF-TURKEY,trial,1,34.5,paid,fulfilled
DASH-3626,2025-04-04T09:17:00Z,FRESH-8LB-BEEF-TURKEY,trial,1,34.5,paid,fulfilled
DASH-3627,2025-04-04T10:24:00Z,FRESH-8LB-BEEF-TURKEY,trial,1,34.5,paid,fulfilled
DASH-3628,2025-04-04T11:31:00Z,FRESH-8LB-BEEF-TURKEY,subscription,1,127.2,paid,fulfilled
DASH-3629,2025-04-04T12:38:00Z,FRESH-8LB-BEEF-TURKEY,subscription,2,254.4,paid,fulfilled
DASH-3630,2025-04-04T13:45:00Z,FRESH-8LB-BEEF-TURKEY,subscription,1,127.2,paid,fulfilled
DASH-3631,2025-04-04T14:52:00Z,FRESH-8LB-BEEF-TURKEY,subscription,1,127.2,paid,fulfilled
DASH-3632,2025-04-04T15:59:00Z,FRESH-8LB-BEEF-TURKEY,subscription,1,127.2,paid,fulfilled
DASH-3633,2025-04-04T16:06:00Z,FRESH-8LB-BEEF-TURKEY,subscription,1,127.2,paid,fulfilled
DASH-3634,2025-04-04T17:13:00Z,FRESH-8LB-BEEF-TURKEY,subscription,1,127.2,paid,fulfilled
DASH-3635,2025-04-04T08:20:00Z,FRESH-8LB-BEEF-TURKEY,trial,1,34.5,paid,fulfilled
DASH-3636,2025-04-04T09:27:00Z,FRESH-8LB-BEEF-TURKEY,trial,1,34.5,paid,fulfilled
DASH-3637,2025-04-04T10:34:00Z,FRESH-8LB-BEEF-TURKEY,trial,1,34.5,paid,fulfilled
DASH-3638,2025-04-04T11:41:00Z,FRESH-8LB-BEEF-TURKEY,subscription,2,254.4,paid,fulfilled
DASH-3639,2025-04-04T12:48:00Z,FRESH-8LB-BEEF-TURKEY,subscription,1,127.2,paid,fulfilled
DASH-3640,2025-04-04T13:55:00Z,FRESH-8LB-BEEF-TURKEY,subscription,1,127.2,paid,fulfilled
DASH-3641,2025-04-04T14:02:00Z,FRESH-8LB-BEEF-TURKEY,subscription,1,127.2,paid,fulfilled
DASH-3642,2025-04-04T15:09:00Z,FRESH-8LB-BEEF-TURKEY,subscription,1,127.2,paid,fulfilled
DASH-3643,2025-04-04T16:16:00Z,FRESH-8LB-BEEF-TURKEY,subscription,1,127.2,paid,fulfilled
DASH-3644,2025-04-04T17:23:00Z,FRESH-8LB-BEEF-TURKEY,subscription,1,127.2,paid,fulfilled
DASH-3645,2025-04-05T08:00:00Z,FRESH-8LB-BEEF-TURKEY,trial,1,34.5,paid,fulfilled
DASH-3646,2025-04-05T09:07:00Z,FRESH-8LB-BEEF-TURKEY,trial,1,34.5,paid,fulfilled
DASH-3647,2025-04-05T10:14:00Z,FRESH-8LB-BEEF-TURKEY,trial,1,34.5,paid,fulfilled
DASH-3648,2025-04-05T11:21:00Z,FRESH-8LB-BEEF-TURKEY,subscription,1,127.2,paid,fulfilled
DASH-3649,2025-04-05T12:28:00Z,FRESH-8LB-BEEF-TURKEY,subscription,2,254.4,paid,fulfilled
DASH-3650,2025-04-05T13:35:00Z,FRESH-8LB-BEEF-TURKEY,subscription,1,127.2,paid,fulfilled
DASH-3651,2025-04-05T14:42:00Z,FRESH-8LB-BEEF-TURKEY,subscription,1,127.2,paid,fulfilled
DASH-3652,2025-04-05T15:49:00Z,FRESH-8LB-BEEF-TURKEY,subscription,1,127.2,paid,fulfilled
DASH-3653,2025-04-05T16:56:00Z,FRESH-8LB-BEEF-TURKEY,subscription,1,127.2,paid,fulfilled
DASH-3654,2025-04-05T17:03:00Z,FRESH-8LB-BEEF-TURKEY,subscription,1,127.2,paid,fulfilled
DASH-3655,2025-04-05T08:10:00Z,FRESH-8LB-BEEF-TURKEY,trial,1,34.5,paid,fulfilled
DASH-3656,2025-04-05T09:17:00Z,FRESH-8LB-BEEF-TURKEY,trial,1,34.5,paid,fulfilled
DASH-3657,2025-04-05T10:24:00Z,FRESH-8LB-BEEF-TURKEY,trial,1,34.5,paid,fulfilled
DASH-3658,2025-04-05T11:31:00Z,FRESH-8LB-BEEF-TURKEY,subscription,2,254.4,paid,fulfilled
DASH-3659,2025-04-05T12:38:00Z,FRESH-8LB-BEEF-TURKEY,subscription,1,127.2,paid,fulfilled
DASH-3660,2025-04-05T13:45:00Z,FRESH-8LB-BEEF-TURKEY,subscription,1,127.2,paid,fulfilled
DASH-3661,2025-04-05T14:52:00Z,FRESH-8LB-BEEF-TURKEY,subscription,1,127.2,paid,fulfilled
DASH-3662,2025-04-05T15:59:00Z,FRESH-8LB-BEEF-TURKEY,subscription,1,127.2,paid,fulfilled
DASH-3663,2025-04-05T16:06:00Z,FRESH-8LB-BEEF-TURKEY,subscription,1,127.2,paid,fulfilled
DASH-3664,2025-04-05T17:13:00Z,FRESH-8LB-BEEF-TURKEY,subscription,1,127.2,paid,fulfilled
DASH-3665,2025-04-05T08:20:00Z,FRESH-8LB-BEEF-TURKEY,trial,1,34.5,paid,fulfilled
DASH-3666,2025-04-05T09:27:00Z,FRESH-8LB-BEEF-TURKEY,trial,1,34.5,paid,fulfilled
DASH-3667,2025-04-05T10:34:00Z,FRESH-8LB-BEEF-TURKEY,trial,1,34.5,paid,fulfilled
DASH-3668,2025-04-05T11:41:00Z,FRESH-8LB-BEEF-TURKEY,subscription,1,127.2,paid,fulfilled
DASH-3669,2025-04-05T12:48:00Z,FRESH-8LB-BEEF-TURKEY,subscription,1,127.2,paid,fulfilled
DASH-3670,2025-04-05T13:55:00Z,FRESH-8LB-BEEF-TURKEY,subscription,1,127.2,paid,fulfilled
DASH-3671,2025-04-05T14:02:00Z,FRESH-8LB-BEEF-TURKEY,subscription,1,127.2,paid,fulfilled
DASH-3672,2025-04-05T15:09:00Z,FRESH-8LB-BEEF-TURKEY,subscription,1,127.2,paid,fulfilled
DASH-3673,2025-04-05T16:16:00Z,FRESH-8LB-BEEF-TURKEY,subscription,1,127.2,paid,fulfilled
DASH-3674,2025-04-05T17:23:00Z,FRESH-8LB-BEEF-TURKEY,subscription,1,127.2,paid,fulfilled
DASH-3675,2025-04-06T08:00:00Z,FRESH-8LB-BEEF-TURKEY,trial,1,34.5,paid,fulfilled
DASH-3676,2025-04-06T09:07:00Z,FRESH-8LB-BEEF-TURKEY,trial,1,34.5,paid,fulfilled
DASH-3677,2025-04-06T10:14:00Z,FRESH-8LB-BEEF-TURKEY,trial,1,34.5,paid,fulfilled
DASH-3678,2025-04-06T11:21:00Z,FRESH-8LB-BEEF-TURKEY,subscription,2,254.4,paid,fulfilled
DASH-3679,2025-04-06T12:28:00Z,FRESH-8LB-BEEF-TURKEY,subscription,1,127.2,paid,fulfilled
DASH-3680,2025-04-06T13:35:00Z,FRESH-8LB-BEEF-TURKEY,subscription,1,127.2,paid,fulfilled
DASH-3681,2025-04-06T14:42:00Z,FRESH-8LB-BEEF-TURKEY,subscription,1,127.2,paid,fulfilled
DASH-3682,2025-04-06T15:49:00Z,FRESH-8LB-BEEF-TURKEY,subscription,1,127.2,paid,fulfilled
DASH-3683,2025-04-06T16:56:00Z,FRESH-8LB-BEEF-TURKEY,subscription,1,127.2,paid,fulfilled
DASH-3684,2025-04-06T17:03:00Z,FRESH-8LB-BEEF-TURKEY,subscription,1,127.2,paid,fulfilled
DASH-3685,2025-04-06T08:10:00Z,FRESH-8LB-BEEF-TURKEY,trial,1,34.5,paid,fulfilled
DASH-3686,2025-04-06T09:17:00Z,FRESH-8LB-BEEF-TURKEY,trial,1,34.5,paid,fulfilled
DASH-3687,2025-04-06T10:24:00Z,FRESH-8LB-BEEF-TURKEY,trial,1,34.5,paid,fulfilled
DASH-3688,2025-04-06T11:31:00Z,FRESH-8LB-BEEF-TURKEY,subscription,1,127.2,paid,fulfilled
DASH-3689,2025-04-06T12:38:00Z,FRESH-8LB-BEEF-TURKEY,subscription,1,127.2,paid,fulfilled
DASH-3690,2025-04-06T13:45:00Z,FRESH-8LB-BEEF-TURKEY,subscription,1,127.2,paid,fulfilled
DASH-3691,2025-04-06T14:52:00Z,FRESH-8LB-BEEF-TURKEY,subscription,1,127.2,paid,fulfilled
DASH-3692,2025-04-06T15:59:00Z,FRESH-8LB-BEEF-TURKEY,subscription,1,127.2,paid,fulfilled
DASH-3693,2025-04-06T16:06:00Z,FRESH-8LB-BEEF-TURKEY,subscription,1,127.2,paid,fulfilled
DASH-3694,2025-04-06T17:13:00Z,FRESH-8LB-BEEF-TURKEY,subscription,1,127.2,paid,fulfilled
DASH-3695,2025-04-06T08:20:00Z,FRESH-8LB-BEEF-TURKEY,trial,1,34.5,paid,fulfilled
DASH-3696,2025-04-06T09:27:00Z,FRESH-8LB-BEEF-TURKEY,trial,1,34.5,paid,fulfilled
DASH-3697,2025-04-06T10:34:00Z,FRESH-8LB-BEEF-TURKEY,trial,1,34.5,paid,fulfilled
DASH-3698,2025-04-06T11:41:00Z,FRESH-8LB-BEEF-TURKEY,subscription,1,127.2,paid,fulfilled
DASH-3699,2025-04-06T12:48:00Z,FRESH-8LB-BEEF-TURKEY,subscription,1,127.2,paid,fulfilled
DASH-3700,2025-04-06T13:55:00Z,FRESH-8LB-BEEF-TURKEY,subscription,1,127.2,paid,fulfilled
DASH-3701,2025-04-06T14:02:00Z,FRESH-8LB-BEEF-TURKEY,subscription,1,127.2,paid,fulfilled
DASH-3702,2025-04-06T15:09:00Z,FRESH-8LB-BEEF-TURKEY,subscription,1,127.2,paid,fulfilled
DASH-3703,2025-04-06T16:16:00Z,FRESH-8LB-BEEF-TURKEY,subscription,1,127.2,paid,fulfilled
DASH-3704,2025-04-06T17:23:00Z,FRESH-8LB-BEEF-TURKEY,subscription,1,127.2,paid,fulfilled
DASH-3705,2025-04-07T08:00:00Z,FRESH-8LB-BEEF-TURKEY,trial,1,34.5,paid,fulfilled
DASH-3706,2025-04-07T09:07:00Z,FRESH-8LB-BEEF-TURKEY,trial,1,34.5,paid,fulfilled
DASH-3707,2025-04-07T10:14:00Z,FRESH-8LB-BEEF-TURKEY,trial,1,34.5,paid,fulfilled
DASH-3708,2025-04-07T11:21:00Z,FRESH-8LB-BEEF-TURKEY,subscription,1,127.2,paid,fulfilled
DASH-3709,2025-04-07T12:28:00Z,FRESH-8LB-BEEF-TURKEY,subscription,1,127.2,paid,fulfilled
DASH-3710,2025-04-07T13:35:00Z,FRESH-8LB-BEEF-TURKEY,subscription,1,127.2,paid,fulfilled
DASH-3711,2025-04-07T14:42:00Z,FRESH-8LB-BEEF-TURKEY,subscription,1,127.2,paid,fulfilled
DASH-3712,2025-04-07T15:49:00Z,FRESH-8LB-BEEF-TURKEY,subscription,1,127.2,paid,fulfilled
DASH-3713,2025-04-07T16:56:00Z,FRESH-8LB-BEEF-TURKEY,subscription,1,127.2,paid,fulfilled
DASH-3714,2025-04-07T17:03:00Z,FRESH-8LB-BEEF-TURKEY,subscription,1,127.2,paid,fulfilled
DASH-3715,2025-04-07T08:10:00Z,FRESH-8LB-BEEF-TURKEY,trial,1,34.5,paid,fulfilled
DASH-3716,2025-04-07T09:17:00Z,FRESH-8LB-BEEF-TURKEY,trial,1,34.5,paid,fulfilled
DASH-3717,2025-04-07T10:24:00Z,FRESH-8LB-BEEF-TURKEY,trial,1,34.5,paid,fulfilled
DASH-3718,2025-04-07T11:31:00Z,FRESH-8LB-BEEF-TURKEY,subscription,1,127.2,paid,fulfilled
DASH-3719,2025-04-07T12:38:00Z,FRESH-8LB-BEEF-TURKEY,subscription,1,127.2,paid,fulfilled
DASH-3720,2025-04-07T13:45:00Z,FRESH-8LB-BEEF-TURKEY,subscription,1,127.2,paid,fulfilled
DASH-3721,2025-04-07T14:52:00Z,FRESH-8LB-BEEF-TURKEY,subscription,1,127.2,paid,fulfilled
DASH-3722,2025-04-07T15:59:00Z,FRESH-8LB-BEEF-TURKEY,subscription,1,127.2,paid,fulfilled
DASH-3723,2025-04-07T16:06:00Z,FRESH-8LB-BEEF-TURKEY,subscription,1,127.2,paid,fulfilled
DASH-3724,2025-04-07T17:13:00Z,FRESH-8LB-BEEF-TURKEY,subscription,1,127.2,paid,fulfilled
DASH-3725,2025-04-07T08:20:00Z,FRESH-8LB-BEEF-TURKEY,trial,1,34.5,paid,fulfilled
DASH-3726,2025-04-07T09:27:00Z,FRESH-8LB-BEEF-TURKEY,trial,1,34.5,paid,fulfilled
DASH-3727,2025-04-07T10:34:00Z,FRESH-8LB-BEEF-TURKEY,trial,1,34.5,paid,fulfilled
DASH-3728,2025-04-07T11:41:00Z,FRESH-8LB-BEEF-TURKEY,subscription,1,127.2,paid,fulfilled
DASH-3729,2025-04-07T12:48:00Z,FRESH-8LB-BEEF-TURKEY,subscription,1,127.2,paid,fulfilled
DASH-3730,2025-04-07T13:55:00Z,FRESH-8LB-BEEF-TURKEY,subscription,1,127.2,paid,fulfilled
DASH-3731,2025-04-07T14:02:00Z,FRESH-8LB-BEEF-TURKEY,subscription,1,127.2,paid,fulfilled
DASH-3732,2025-04-07T15:09:00Z,FRESH-8LB-BEEF-TURKEY,subscription,1,127.2,paid,fulfilled
DASH-3733,2025-04-07T16:16:00Z,FRESH-8LB-BEEF-TURKEY,subscription,1,127.2,paid,fulfilled
DASH-3734,2025-04-07T17:23:00Z,FRESH-8LB-BEEF-TURKEY,subscription,2,254.4,paid,fulfilled
DASH-3735,2025-04-08T08:00:00Z,FRESH-8LB-BEEF-TURKEY,trial,1,34.5,paid,fulfilled
DASH-3736,2025-04-08T09:07:00Z,FRESH-8LB-BEEF-TURKEY,trial,1,34.5,paid,fulfilled
DASH-3737,2025-04-08T10:14:00Z,FRESH-8LB-BEEF-TURKEY,trial,1,34.5,paid,fulfilled
DASH-3738,2025-04-08T11:21:00Z,FRESH-8LB-BEEF-TURKEY,subscription,1,127.2,paid,fulfilled
DASH-3739,2025-04-08T12:28:00Z,FRESH-8LB-BEEF-TURKEY,subscription,1,127.2,paid,fulfilled
DASH-3740,2025-04-08T13:35:00Z,FRESH-8LB-BEEF-TURKEY,subscription,1,127.2,paid,fulfilled
DASH-3741,2025-04-08T14:42:00Z,FRESH-8LB-BEEF-TURKEY,subscription,1,127.2,paid,fulfilled
DASH-3742,2025-04-08T15:49:00Z,FRESH-8LB-BEEF-TURKEY,subscription,1,127.2,paid,fulfilled
DASH-3743,2025-04-08T16:56:00Z,FRESH-8LB-BEEF-TURKEY,subscription,1,127.2,paid,fulfilled
DASH-3744,2025-04-08T17:03:00Z,FRESH-8LB-BEEF-TURKEY,subscription,1,127.2,paid,fulfilled
DASH-3745,2025-04-08T08:10:00Z,FRESH-8LB-BEEF-TURKEY,trial,1,34.5,paid,fulfilled
DASH-3746,2025-04-08T09:17:00Z,FRESH-8LB-BEEF-TURKEY,trial,1,34.5,paid,fulfilled
DASH-3747,2025-04-08T10:24:00Z,FRESH-8LB-BEEF-TURKEY,trial,1,34.5,paid,fulfilled
DASH-3748,2025-04-08T11:31:00Z,FRESH-8LB-BEEF-TURKEY,subscription,1,127.2,paid,fulfilled
DASH-3749,2025-04-08T12:38:00Z,FRESH-8LB-BEEF-TURKEY,subscription,1,127.2,paid,fulfilled
DASH-3750,2025-04-08T13:45:00Z,FRESH-8LB-BEEF-TURKEY,subscription,1,127.2,paid,fulfilled
DASH-3751,2025-04-08T14:52:00Z,FRESH-8LB-BEEF-TURKEY,subscription,1,127.2,paid,fulfilled
DASH-3752,2025-04-08T15:59:00Z,FRESH-8LB-BEEF-TURKEY,subscription,1,127.2,paid,fulfilled
DASH-3753,2025-04-08T16:06:00Z,FRESH-8LB-BEEF-TURKEY,subscription,1,127.2,paid,fulfilled
DASH-3754,2025-04-08T17:13:00Z,FRESH-8LB-BEEF-TURKEY,subscription,2,254.4,paid,fulfilled
DASH-3755,2025-04-08T08:20:00Z,FRESH-8LB-BEEF-TURKEY,trial,1,34.5,paid,fulfilled
DASH-3756,2025-04-08T09:27:00Z,FRESH-8LB-BEEF-TURKEY,trial,1,34.5,paid,fulfilled
DASH-3757,2025-04-08T10:34:00Z,FRESH-8LB-BEEF-TURKEY,trial,1,34.5,paid,fulfilled
DASH-3758,2025-04-08T11:41:00Z,FRESH-8LB-BEEF-TURKEY,subscription,1,127.2,paid,fulfilled
DASH-3759,2025-04-08T12:48:00Z,FRESH-8LB-BEEF-TURKEY,subscription,1,127.2,paid,fulfilled
DASH-3760,2025-04-08T13:55:00Z,FRESH-8LB-BEEF-TURKEY,subscription,1,127.2,paid,fulfilled
DASH-3761,2025-04-08T14:02:00Z,FRESH-8LB-BEEF-TURKEY,subscription,1,127.2,paid,fulfilled
DASH-3762,2025-04-08T15:09:00Z,FRESH-8LB-BEEF-TURKEY,subscription,1,127.2,paid,fulfilled
DASH-3763,2025-04-08T16:16:00Z,FRESH-8LB-BEEF-TURKEY,subscription,2,254.4,paid,fulfilled
DASH-3764,2025-04-08T17:23:00Z,FRESH-8LB-BEEF-TURKEY,subscription,1,127.2,paid,fulfilled
DASH-3765,2025-04-09T08:00:00Z,FRESH-8LB-BEEF-TURKEY,trial,1,34.5,paid,fulfilled
DASH-3766,2025-04-09T09:07:00Z,FRESH-8LB-BEEF-TURKEY,trial,1,34.5,paid,fulfilled
DASH-3767,2025-04-09T10:14:00Z,FRESH-8LB-BEEF-TURKEY,trial,1,34.5,paid,fulfilled
DASH-3768,2025-04-09T11:21:00Z,FRESH-8LB-BEEF-TURKEY,subscription,1,127.2,paid,fulfilled
DASH-3769,2025-04-09T12:28:00Z,FRESH-8LB-BEEF-TURKEY,subscription,1,127.2,paid,fulfilled
DASH-3770,2025-04-09T13:35:00Z,FRESH-8LB-BEEF-TURKEY,subscription,1,127.2,paid,fulfilled
DASH-3771,2025-04-09T14:42:00Z,FRESH-8LB-BEEF-TURKEY,subscription,1,127.2,paid,fulfilled
DASH-3772,2025-04-09T15:49:00Z,FRESH-8LB-BEEF-TURKEY,subscription,1,127.2,paid,fulfilled
DASH-3773,2025-04-09T16:56:00Z,FRESH-8LB-BEEF-TURKEY,subscription,1,127.2,paid,fulfilled
DASH-3774,2025-04-09T17:03:00Z,FRESH-8LB-BEEF-TURKEY,subscription,2,254.4,paid,fulfilled
DASH-3775,2025-04-09T08:10:00Z,FRESH-8LB-BEEF-TURKEY,trial,1,34.5,paid,fulfilled
DASH-3776,2025-04-09T09:17:00Z,FRESH-8LB-BEEF-TURKEY,trial,1,34.5,paid,fulfilled
DASH-3777,2025-04-09T10:24:00Z,FRESH-8LB-BEEF-TURKEY,trial,1,34.5,paid,fulfilled
DASH-3778,2025-04-09T11:31:00Z,FRESH-8LB-BEEF-TURKEY,subscription,1,127.2,paid,fulfilled
DASH-3779,2025-04-09T12:38:00Z,FRESH-8LB-BEEF-TURKEY,subscription,1,127.2,paid,fulfilled
DASH-3780,2025-04-09T13:45:00Z,FRESH-8LB-BEEF-TURKEY,subscription,1,127.2,paid,fulfilled
DASH-3781,2025-04-09T14:52:00Z,FRESH-8LB-BEEF-TURKEY,subscription,1,127.2,paid,fulfilled
DASH-3782,2025-04-09T15:59:00Z,FRESH-8LB-BEEF-TURKEY,subscription,1,127.2,paid,fulfilled
DASH-3783,2025-04-09T16:06:00Z,FRESH-8LB-BEEF-TURKEY,subscription,2,254.4,paid,fulfilled
DASH-3784,2025-04-09T17:13:00Z,FRESH-8LB-BEEF-TURKEY,subscription,1,127.2,paid,fulfilled
DASH-3785,2025-04-09T08:20:00Z,FRESH-8LB-BEEF-TURKEY,trial,1,34.5,paid,fulfilled
DASH-3786,2025-04-09T09:27:00Z,FRESH-8LB-BEEF-TURKEY,trial,1,34.5,paid,fulfilled
DASH-3787,2025-04-09T10:34:00Z,FRESH-8LB-BEEF-TURKEY,trial,1,34.5,paid,fulfilled
DASH-3788,2025-04-09T11:41:00Z,FRESH-8LB-BEEF-TURKEY,subscription,1,127.2,paid,fulfilled
DASH-3789,2025-04-09T12:48:00Z,FRESH-8LB-BEEF-TURKEY,subscription,1,127.2,paid,fulfilled
DASH-3790,2025-04-09T13:55:00Z,FRESH-8LB-BEEF-TURKEY,subscription,1,127.2,paid,fulfilled
DASH-3791,2025-04-09T14:02:00Z,FRESH-8LB-BEEF-TURKEY,subscription,1,127.2,paid,fulfilled
DASH-3792,2025-04-09T15:09:00Z,FRESH-8LB-BEEF-TURKEY,subscription,2,254.4,paid,fulfilled
DASH-3793,2025-04-09T16:16:00Z,FRESH-8LB-BEEF-TURKEY,subscription,1,127.2,paid,fulfilled
DASH-3794,2025-04-09T17:23:00Z,FRESH-8LB-BEEF-TURKEY,subscription,1,127.2,paid,fulfilled
DASH-3795,2025-04-10T08:00:00Z,FRESH-8LB-BEEF-TURKEY,trial,1,34.5,paid,fulfilled
DASH-3796,2025-04-10T09:07:00Z,FRESH-8LB-BEEF-TURKEY,trial,1,34.5,paid,fulfilled
DASH-3797,2025-04-10T10:14:00Z,FRESH-8LB-BEEF-TURKEY,trial,1,34.5,paid,fulfilled
DASH-3798,2025-04-10T11:21:00Z,FRESH-8LB-BEEF-TURKEY,subscription,1,127.2,paid,fulfilled
DASH-3799,2025-04-10T12:28:00Z,FRESH-8LB-BEEF-TURKEY,subscription,1,127.2,paid,fulfilled
DASH-3800,2025-04-10T13:35:00Z,FRESH-8LB-BEEF-TURKEY,subscription,1,127.2,paid,fulfilled
DASH-3801,2025-04-10T14:42:00Z,FRESH-8LB-BEEF-TURKEY,subscription,1,127.2,paid,fulfilled
DASH-3802,2025-04-10T15:49:00Z,FRESH-8LB-BEEF-TURKEY,subscription,1,127.2,paid,fulfilled
DASH-3803,2025-04-10T16:56:00Z,FRESH-8LB-BEEF-TURKEY,subscription,2,254.4,paid,fulfilled
DASH-3804,2025-04-10T17:03:00Z,FRESH-8LB-BEEF-TURKEY,subscription,1,127.2,paid,fulfilled
DASH-3805,2025-04-10T08:10:00Z,FRESH-8LB-BEEF-TURKEY,trial,1,34.5,paid,fulfilled
DASH-3806,2025-04-10T09:17:00Z,FRESH-8LB-BEEF-TURKEY,trial,1,34.5,paid,fulfilled
DASH-3807,2025-04-10T10:24:00Z,FRESH-8LB-BEEF-TURKEY,trial,1,34.5,paid,fulfilled
DASH-3808,2025-04-10T11:31:00Z,FRESH-8LB-BEEF-TURKEY,subscription,1,127.2,paid,fulfilled
DASH-3809,2025-04-10T12:38:00Z,FRESH-8LB-BEEF-TURKEY,subscription,1,127.2,paid,fulfilled
DASH-3810,2025-04-10T13:45:00Z,FRESH-8LB-BEEF-TURKEY,subscription,1,127.2,paid,fulfilled
DASH-3811,2025-04-10T14:52:00Z,FRESH-8LB-BEEF-TURKEY,subscription,1,127.2,paid,fulfilled
DASH-3812,2025-04-10T15:59:00Z,FRESH-8LB-BEEF-TURKEY,subscription,2,254.4,paid,fulfilled
DASH-3813,2025-04-10T16:06:00Z,FRESH-8LB-BEEF-TURKEY,subscription,1,127.2,paid,fulfilled
DASH-3814,2025-04-10T17:13:00Z,FRESH-8LB-BEEF-TURKEY,subscription,1,127.2,paid,fulfilled
DASH-3815,2025-04-10T08:20:00Z,FRESH-8LB-BEEF-TURKEY,trial,1,34.5,paid,fulfilled
DASH-3816,2025-04-10T09:27:00Z,FRESH-8LB-BEEF-TURKEY,trial,1,34.5,paid,fulfilled
DASH-3817,2025-04-10T10:34:00Z,FRESH-8LB-BEEF-TURKEY,trial,1,34.5,paid,fulfilled
DASH-3818,2025-04-10T11:41:00Z,FRESH-8LB-BEEF-TURKEY,subscription,1,127.2,paid,fulfilled
DASH-3819,2025-04-10T12:48:00Z,FRESH-8LB-BEEF-TURKEY,subscription,1,127.2,paid,fulfilled
DASH-3820,2025-04-10T13:55:00Z,FRESH-8LB-BEEF-TURKEY,subscription,1,127.2,paid,fulfilled
DASH-3821,2025-04-10T14:02:00Z,FRESH-8LB-BEEF-TURKEY,subscription,2,254.4,paid,fulfilled
DASH-3822,2025-04-10T15:09:00Z,FRESH-8LB-BEEF-TURKEY,subscription,1,127.2,paid,fulfilled
DASH-3823,2025-04-10T16:16:00Z,FRESH-8LB-BEEF-TURKEY,subscription,1,127.2,paid,fulfilled
DASH-3824,2025-04-10T17:23:00Z,FRESH-8LB-BEEF-TURKEY,subscription,1,127.2,paid,fulfilled
DASH-3825,2025-04-11T08:00:00Z,FRESH-8LB-BEEF-TURKEY,trial,1,34.5,paid,fulfilled
DASH-3826,2025-04-11T09:07:00Z,FRESH-8LB-BEEF-TURKEY,trial,1,34.5,paid,fulfilled
DASH-3827,2025-04-11T10:14:00Z,FRESH-8LB-BEEF-TURKEY,trial,1,34.5,paid,fulfilled
DASH-3828,2025-04-11T11:21:00Z,FRESH-8LB-BEEF-TURKEY,subscription,1,127.2,paid,fulfilled
DASH-3829,2025-04-11T12:28:00Z,FRESH-8LB-BEEF-TURKEY,subscription,1,127.2,paid,fulfilled
DASH-3830,2025-04-11T13:35:00Z,FRESH-8LB-BEEF-TURKEY,subscription,1,127.2,paid,fulfilled
DASH-3831,2025-04-11T14:42:00Z,FRESH-8LB-BEEF-TURKEY,subscription,1,127.2,paid,fulfilled
DASH-3832,2025-04-11T15:49:00Z,FRESH-8LB-BEEF-TURKEY,subscription,2,254.4,paid,fulfilled
DASH-3833,2025-04-11T16:56:00Z,FRESH-8LB-BEEF-TURKEY,subscription,1,127.2,paid,fulfilled
DASH-3834,2025-04-11T17:03:00Z,FRESH-8LB-BEEF-TURKEY,subscription,1,127.2,paid,fulfilled
DASH-3835,2025-04-11T08:10:00Z,FRESH-8LB-BEEF-TURKEY,trial,1,34.5,paid,fulfilled
DASH-3836,2025-04-11T09:17:00Z,FRESH-8LB-BEEF-TURKEY,trial,1,34.5,paid,fulfilled
DASH-3837,2025-04-11T10:24:00Z,FRESH-8LB-BEEF-TURKEY,trial,1,34.5,paid,fulfilled
DASH-3838,2025-04-11T11:31:00Z,FRESH-8LB-BEEF-TURKEY,subscription,1,127.2,paid,fulfilled
DASH-3839,2025-04-11T12:38:00Z,FRESH-8LB-BEEF-TURKEY,subscription,1,127.2,paid,fulfilled
DASH-3840,2025-04-11T13:45:00Z,FRESH-8LB-BEEF-TURKEY,subscription,1,127.2,paid,fulfilled
DASH-3841,2025-04-11T14:52:00Z,FRESH-8LB-BEEF-TURKEY,subscription,2,254.4,paid,fulfilled
DASH-3842,2025-04-11T15:59:00Z,FRESH-8LB-BEEF-TURKEY,subscription,1,127.2,paid,fulfilled
DASH-3843,2025-04-11T16:06:00Z,FRESH-8LB-BEEF-TURKEY,subscription,1,127.2,paid,fulfilled
DASH-3844,2025-04-11T17:13:00Z,FRESH-8LB-BEEF-TURKEY,subscription,1,127.2,paid,fulfilled
DASH-3845,2025-04-11T08:20:00Z,FRESH-8LB-BEEF-TURKEY,trial,1,34.5,paid,fulfilled
DASH-3846,2025-04-11T09:27:00Z,FRESH-8LB-BEEF-TURKEY,trial,1,34.5,paid,fulfilled
DASH-3847,2025-04-11T10:34:00Z,FRESH-8LB-BEEF-TURKEY,trial,1,34.5,paid,fulfilled
DASH-3848,2025-04-11T11:41:00Z,FRESH-8LB-BEEF-TURKEY,subscription,1,127.2,paid,fulfilled
DASH-3849,2025-04-11T12:48:00Z,FRESH-8LB-BEEF-TURKEY,subscription,1,127.2,paid,fulfilled
DASH-3850,2025-04-11T13:55:00Z,FRESH-8LB-BEEF-TURKEY,subscription,2,254.4,paid,fulfilled
DASH-3851,2025-04-11T14:02:00Z,FRESH-8LB-BEEF-TURKEY,subscription,1,127.2,paid,fulfilled
DASH-3852,2025-04-11T15:09:00Z,FRESH-8LB-BEEF-TURKEY,subscription,1,127.2,paid,fulfilled
DASH-3853,2025-04-11T16:16:00Z,FRESH-8LB-BEEF-TURKEY,subscription,1,127.2,paid,fulfilled
DASH-3854,2025-04-11T17:23:00Z,FRESH-8LB-BEEF-TURKEY,subscription,1,127.2,paid,fulfilled
DASH-3855,2025-04-12T08:00:00Z,FRESH-8LB-BEEF-TURKEY,trial,1,34.5,paid,fulfilled
DASH-3856,2025-04-12T09:07:00Z,FRESH-8LB-BEEF-TURKEY,trial,1,34.5,paid,fulfilled
DASH-3857,2025-04-12T10:14:00Z,FRESH-8LB-BEEF-TURKEY,trial,1,34.5,paid,fulfilled
DASH-3858,2025-04-12T11:21:00Z,FRESH-8LB-BEEF-TURKEY,subscription,1,127.2,paid,fulfilled
DASH-3859,2025-04-12T12:28:00Z,FRESH-8LB-BEEF-TURKEY,subscription,1,127.2,paid,fulfilled
DASH-3860,2025-04-12T13:35:00Z,FRESH-8LB-BEEF-TURKEY,subscription,1,127.2,paid,fulfilled
DASH-3861,2025-04-12T14:42:00Z,FRESH-8LB-BEEF-TURKEY,subscription,2,254.4,paid,fulfilled
DASH-3862,2025-04-12T15:49:00Z,FRESH-8LB-BEEF-TURKEY,subscription,1,127.2,paid,fulfilled
DASH-3863,2025-04-12T16:56:00Z,FRESH-8LB-BEEF-TURKEY,subscription,1,127.2,paid,fulfilled
DASH-3864,2025-04-12T17:03:00Z,FRESH-8LB-BEEF-TURKEY,subscription,1,127.2,paid,fulfilled
DASH-3865,2025-04-12T08:10:00Z,FRESH-8LB-BEEF-TURKEY,trial,1,34.5,paid,fulfilled
DASH-3866,2025-04-12T09:17:00Z,FRESH-8LB-BEEF-TURKEY,trial,1,34.5,paid,fulfilled
DASH-3867,2025-04-12T10:24:00Z,FRESH-8LB-BEEF-TURKEY,trial,1,34.5,paid,fulfilled
DASH-3868,2025-04-12T11:31:00Z,FRESH-8LB-BEEF-TURKEY,subscription,1,127.2,paid,fulfilled
DASH-3869,2025-04-12T12:38:00Z,FRESH-8LB-BEEF-TURKEY,subscription,1,127.2,paid,fulfilled
DASH-3870,2025-04-12T13:45:00Z,FRESH-8LB-BEEF-TURKEY,subscription,2,254.4,paid,fulfilled
DASH-3871,2025-04-12T14:52:00Z,FRESH-8LB-BEEF-TURKEY,subscription,1,127.2,paid,fulfilled
DASH-3872,2025-04-12T15:59:00Z,FRESH-8LB-BEEF-TURKEY,subscription,1,127.2,paid,fulfilled
DASH-3873,2025-04-12T16:06:00Z,FRESH-8LB-BEEF-TURKEY,subscription,1,127.2,paid,fulfilled
DASH-3874,2025-04-12T17:13:00Z,FRESH-8LB-BEEF-TURKEY,subscription,1,127.2,paid,fulfilled
DASH-3875,2025-04-12T08:20:00Z,FRESH-8LB-BEEF-TURKEY,trial,1,34.5,paid,fulfilled
DASH-3876,2025-04-12T09:27:00Z,FRESH-8LB-BEEF-TURKEY,trial,1,34.5,paid,fulfilled
DASH-3877,2025-04-12T10:34:00Z,FRESH-8LB-BEEF-TURKEY,trial,1,34.5,paid,fulfilled
DASH-3878,2025-04-12T11:41:00Z,FRESH-8LB-BEEF-TURKEY,subscription,1,127.2,paid,fulfilled
DASH-3879,2025-04-12T12:48:00Z,FRESH-8LB-BEEF-TURKEY,subscription,2,254.4,paid,fulfilled
DASH-3880,2025-04-12T13:55:00Z,FRESH-8LB-BEEF-TURKEY,subscription,1,127.2,paid,fulfilled
DASH-3881,2025-04-12T14:02:00Z,FRESH-8LB-BEEF-TURKEY,subscription,1,127.2,paid,fulfilled
DASH-3882,2025-04-12T15:09:00Z,FRESH-8LB-BEEF-TURKEY,subscription,1,127.2,paid,fulfilled
DASH-3883,2025-04-12T16:16:00Z,FRESH-8LB-BEEF-TURKEY,subscription,1,127.2,paid,fulfilled
DASH-3884,2025-04-12T17:23:00Z,FRESH-8LB-BEEF-TURKEY,subscription,1,127.2,paid,fulfilled
DASH-3885,2025-04-13T08:00:00Z,FRESH-8LB-BEEF-TURKEY,trial,1,34.5,paid,fulfilled
DASH-3886,2025-04-13T09:07:00Z,FRESH-8LB-BEEF-TURKEY,trial,1,34.5,paid,fulfilled
DASH-3887,2025-04-13T10:14:00Z,FRESH-8LB-BEEF-TURKEY,trial,1,34.5,paid,fulfilled
DASH-3888,2025-04-13T11:21:00Z,FRESH-8LB-BEEF-TURKEY,subscription,1,127.2,paid,fulfilled
DASH-3889,2025-04-13T12:28:00Z,FRESH-8LB-BEEF-TURKEY,subscription,1,127.2,paid,fulfilled
DASH-3890,2025-04-13T13:35:00Z,FRESH-8LB-BEEF-TURKEY,subscription,2,254.4,paid,fulfilled
DASH-3891,2025-04-13T14:42:00Z,FRESH-8LB-BEEF-TURKEY,subscription,1,127.2,paid,fulfilled
DASH-3892,2025-04-13T15:49:00Z,FRESH-8LB-BEEF-TURKEY,subscription,1,127.2,paid,fulfilled
DASH-3893,2025-04-13T16:56:00Z,FRESH-8LB-BEEF-TURKEY,subscription,1,127.2,paid,fulfilled
DASH-3894,2025-04-13T17:03:00Z,FRESH-8LB-BEEF-TURKEY,subscription,1,127.2,paid,fulfilled
DASH-3895,2025-04-13T08:10:00Z,FRESH-8LB-BEEF-TURKEY,trial,1,34.5,paid,fulfilled
DASH-3896,2025-04-13T09:17:00Z,FRESH-8LB-BEEF-TURKEY,trial,1,34.5,paid,fulfilled
DASH-3897,2025-04-13T10:24:00Z,FRESH-8LB-BEEF-TURKEY,trial,1,34.5,paid,fulfilled
DASH-3898,2025-04-13T11:31:00Z,FRESH-8LB-BEEF-TURKEY,subscription,1,127.2,paid,fulfilled
DASH-3899,2025-04-13T12:38:00Z,FRESH-8LB-BEEF-TURKEY,subscription,2,254.4,paid,fulfilled
DASH-3900,2025-04-13T13:45:00Z,FRESH-8LB-BEEF-TURKEY,subscription,1,127.2,paid,fulfilled
DASH-3901,2025-04-13T14:52:00Z,FRESH-8LB-BEEF-TURKEY,subscription,1,127.2,paid,fulfilled
DASH-3902,2025-04-13T15:59:00Z,FRESH-8LB-BEEF-TURKEY,subscription,1,127.2,paid,fulfilled
DASH-3903,2025-04-13T16:06:00Z,FRESH-8LB-BEEF-TURKEY,subscription,1,127.2,paid,fulfilled
DASH-3904,2025-04-13T17:13:00Z,FRESH-8LB-BEEF-TURKEY,subscription,1,127.2,paid,fulfilled
DASH-3905,2025-04-13T08:20:00Z,FRESH-8LB-BEEF-TURKEY,trial,1,34.5,paid,fulfilled
DASH-3906,2025-04-13T09:27:00Z,FRESH-8LB-BEEF-TURKEY,trial,1,34.5,paid,fulfilled
DASH-3907,2025-04-13T10:34:00Z,FRESH-8LB-BEEF-TURKEY,trial,1,34.5,paid,fulfilled
DASH-3908,2025-04-13T11:41:00Z,FRESH-8LB-BEEF-TURKEY,subscription,2,254.4,paid,fulfilled
DASH-3909,2025-04-13T12:48:00Z,FRESH-8LB-BEEF-TURKEY,subscription,1,127.2,paid,fulfilled
DASH-3910,2025-04-13T13:55:00Z,FRESH-8LB-BEEF-TURKEY,subscription,1,127.2,paid,fulfilled
DASH-3911,2025-04-13T14:02:00Z,FRESH-8LB-BEEF-TURKEY,subscription,1,127.2,paid,fulfilled
DASH-3912,2025-04-13T15:09:00Z,FRESH-8LB-BEEF-TURKEY,subscription,1,127.2,paid,fulfilled
DASH-3913,2025-04-13T16:16:00Z,FRESH-8LB-BEEF-TURKEY,subscription,1,127.2,paid,fulfilled
DASH-3914,2025-04-13T17:23:00Z,FRESH-8LB-BEEF-TURKEY,subscription,1,127.2,paid,fulfilled
DASH-3915,2025-04-14T08:00:00Z,FRESH-8LB-BEEF-TURKEY,trial,1,34.5,paid,fulfilled
DASH-3916,2025-04-14T09:07:00Z,FRESH-8LB-BEEF-TURKEY,trial,1,34.5,paid,fulfilled
DASH-3917,2025-04-14T10:14:00Z,FRESH-8LB-BEEF-TURKEY,trial,1,34.5,paid,fulfilled
DASH-3918,2025-04-14T11:21:00Z,FRESH-8LB-BEEF-TURKEY,subscription,1,127.2,paid,fulfilled
DASH-3919,2025-04-14T12:28:00Z,FRESH-8LB-BEEF-TURKEY,subscription,2,254.4,paid,fulfilled
DASH-3920,2025-04-14T13:35:00Z,FRESH-8LB-BEEF-TURKEY,subscription,1,127.2,paid,fulfilled
DASH-3921,2025-04-14T14:42:00Z,FRESH-8LB-BEEF-TURKEY,subscription,1,127.2,paid,fulfilled
DASH-3922,2025-04-14T15:49:00Z,FRESH-8LB-BEEF-TURKEY,subscription,1,127.2,paid,fulfilled
DASH-3923,2025-04-14T16:56:00Z,FRESH-8LB-BEEF-TURKEY,subscription,1,127.2,paid,fulfilled
DASH-3924,2025-04-14T17:03:00Z,FRESH-8LB-BEEF-TURKEY,subscription,1,127.2,paid,fulfilled
DASH-3925,2025-04-14T08:10:00Z,FRESH-8LB-BEEF-TURKEY,trial,1,34.5,paid,fulfilled
DASH-3926,2025-04-14T09:17:00Z,FRESH-8LB-BEEF-TURKEY,trial,1,34.5,paid,fulfilled
DASH-3927,2025-04-14T10:24:00Z,FRESH-8LB-BEEF-TURKEY,trial,1,34.5,paid,fulfilled
DASH-3928,2025-04-14T11:31:00Z,FRESH-8LB-BEEF-TURKEY,subscription,2,254.4,paid,fulfilled
DASH-3929,2025-04-14T12:38:00Z,FRESH-8LB-BEEF-TURKEY,subscription,1,127.2,paid,fulfilled
DASH-3930,2025-04-14T13:45:00Z,FRESH-8LB-BEEF-TURKEY,subscription,1,127.2,paid,fulfilled
DASH-3931,2025-04-14T14:52:00Z,FRESH-8LB-BEEF-TURKEY,subscription,1,127.2,paid,fulfilled
DASH-3932,2025-04-14T15:59:00Z,FRESH-8LB-BEEF-TURKEY,subscription,1,127.2,paid,fulfilled
DASH-3933,2025-04-14T16:06:00Z,FRESH-8LB-BEEF-TURKEY,subscription,1,127.2,paid,fulfilled
DASH-3934,2025-04-14T17:13:00Z,FRESH-8LB-BEEF-TURKEY,subscription,1,127.2,paid,fulfilled
DASH-3935,2025-04-14T08:20:00Z,FRESH-8LB-BEEF-TURKEY,trial,1,34.5,paid,fulfilled
DASH-3936,2025-04-14T09:27:00Z,FRESH-8LB-BEEF-TURKEY,trial,1,34.5,paid,fulfilled
DASH-3937,2025-04-14T10:34:00Z,FRESH-8LB-BEEF-TURKEY,trial,1,34.5,paid,fulfilled
DASH-3938,2025-04-14T11:41:00Z,FRESH-8LB-BEEF-TURKEY,subscription,1,127.2,paid,fulfilled
DASH-3939,2025-04-14T12:48:00Z,FRESH-8LB-BEEF-TURKEY,subscription,1,127.2,paid,fulfilled
DASH-3940,2025-04-14T13:55:00Z,FRESH-8LB-BEEF-TURKEY,subscription,1,127.2,paid,fulfilled
DASH-3941,2025-04-14T14:02:00Z,FRESH-8LB-BEEF-TURKEY,subscription,1,127.2,paid,fulfilled
DASH-3942,2025-04-14T15:09:00Z,FRESH-8LB-BEEF-TURKEY,subscription,1,127.2,paid,fulfilled
DASH-3943,2025-04-14T16:16:00Z,FRESH-8LB-BEEF-TURKEY,subscription,1,127.2,paid,fulfilled
DASH-3944,2025-04-14T17:23:00Z,FRESH-8LB-BEEF-TURKEY,subscription,1,127.2,paid,fulfilled
DASH-3945,2025-04-15T08:00:00Z,FRESH-8LB-BEEF-TURKEY,trial,1,34.5,paid,fulfilled
DASH-3946,2025-04-15T09:07:00Z,FRESH-8LB-BEEF-TURKEY,trial,1,34.5,paid,fulfilled
DASH-3947,2025-04-15T10:14:00Z,FRESH-8LB-BEEF-TURKEY,trial,1,34.5,paid,fulfilled
DASH-3948,2025-04-15T11:21:00Z,FRESH-8LB-BEEF-TURKEY,subscription,2,254.4,paid,fulfilled
DASH-3949,2025-04-15T12:28:00Z,FRESH-8LB-BEEF-TURKEY,subscription,1,127.2,paid,fulfilled
DASH-3950,2025-04-15T13:35:00Z,FRESH-8LB-BEEF-TURKEY,subscription,1,127.2,paid,fulfilled
DASH-3951,2025-04-15T14:42:00Z,FRESH-8LB-BEEF-TURKEY,subscription,1,127.2,paid,fulfilled
DASH-3952,2025-04-15T15:49:00Z,FRESH-8LB-BEEF-TURKEY,subscription,1,127.2,paid,fulfilled
DASH-3953,2025-04-15T16:56:00Z,FRESH-8LB-BEEF-TURKEY,subscription,1,127.2,paid,fulfilled
DASH-3954,2025-04-15T17:03:00Z,FRESH-8LB-BEEF-TURKEY,subscription,1,127.2,paid,fulfilled
DASH-3955,2025-04-15T08:10:00Z,FRESH-8LB-BEEF-TURKEY,trial,1,34.5,paid,fulfilled
DASH-3956,2025-04-15T09:17:00Z,FRESH-8LB-BEEF-TURKEY,trial,1,34.5,paid,fulfilled
DASH-3957,2025-04-15T10:24:00Z,FRESH-8LB-BEEF-TURKEY,trial,1,34.5,paid,fulfilled
DASH-3958,2025-04-15T11:31:00Z,FRESH-8LB-BEEF-TURKEY,subscription,1,127.2,paid,fulfilled
DASH-3959,2025-04-15T12:38:00Z,FRESH-8LB-BEEF-TURKEY,subscription,1,127.2,paid,fulfilled
DASH-3960,2025-04-15T13:45:00Z,FRESH-8LB-BEEF-TURKEY,subscription,1,127.2,paid,fulfilled
DASH-3961,2025-04-15T14:52:00Z,FRESH-8LB-BEEF-TURKEY,subscription,1,127.2,paid,fulfilled
DASH-3962,2025-04-15T15:59:00Z,FRESH-8LB-BEEF-TURKEY,subscription,1,127.2,paid,fulfilled
DASH-3963,2025-04-15T16:06:00Z,FRESH-8LB-BEEF-TURKEY,subscription,1,127.2,paid,fulfilled
DASH-3964,2025-04-15T17:13:00Z,FRESH-8LB-BEEF-TURKEY,subscription,1,127.2,paid,fulfilled
DASH-3965,2025-04-15T08:20:00Z,FRESH-8LB-BEEF-TURKEY,trial,1,34.5,paid,fulfilled
DASH-3966,2025-04-15T09:27:00Z,FRESH-8LB-BEEF-TURKEY,trial,1,34.5,paid,fulfilled
DASH-3967,2025-04-15T10:34:00Z,FRESH-8LB-BEEF-TURKEY,trial,1,34.5,paid,fulfilled
DASH-3968,2025-04-15T11:41:00Z,FRESH-8LB-BEEF-TURKEY,subscription,1,127.2,paid,fulfilled
DASH-3969,2025-04-15T12:48:00Z,FRESH-8LB-BEEF-TURKEY,subscription,1,127.2,paid,fulfilled
DASH-3970,2025-04-15T13:55:00Z,FRESH-8LB-BEEF-TURKEY,subscription,1,127.2,paid,fulfilled
DASH-3971,2025-04-15T14:02:00Z,FRESH-8LB-BEEF-TURKEY,subscription,1,127.2,paid,fulfilled
DASH-3972,2025-04-15T15:09:00Z,FRESH-8LB-BEEF-TURKEY,subscription,1,127.2,paid,fulfilled
DASH-3973,2025-04-15T16:16:00Z,FRESH-8LB-BEEF-TURKEY,subscription,1,127.2,paid,fulfilled
DASH-3974,2025-04-15T17:23:00Z,FRESH-8LB-BEEF-TURKEY,subscription,1,127.2,paid,fulfilled
DASH-3975,2025-04-16T08:00:00Z,FRESH-8LB-BEEF-TURKEY,subscription,1,127.2,paid,fulfilled
DASH-3976,2025-04-16T09:07:00Z,FRESH-8LB-BEEF-TURKEY,subscription,1,127.2,paid,fulfilled
DASH-3977,2025-04-16T10:14:00Z,FRESH-8LB-BEEF-TURKEY,trial,1,34.5,paid,fulfilled
DASH-3978,2025-04-16T11:21:00Z,FRESH-8LB-BEEF-TURKEY,trial,1,34.5,paid,fulfilled
DASH-3979,2025-04-16T12:28:00Z,FRESH-8LB-BEEF-TURKEY,trial,1,34.5,paid,fulfilled
DASH-3980,2025-04-16T13:35:00Z,FRESH-8LB-BEEF-TURKEY,subscription,1,127.2,paid,fulfilled
DASH-3981,2025-04-16T14:42:00Z,FRESH-8LB-BEEF-TURKEY,subscription,1,127.2,paid,fulfilled
DASH-3982,2025-04-16T15:49:00Z,FRESH-8LB-BEEF-TURKEY,subscription,1,127.2,paid,fulfilled
DASH-3983,2025-04-16T16:56:00Z,FRESH-8LB-BEEF-TURKEY,subscription,1,127.2,paid,fulfilled
DASH-3984,2025-04-16T17:03:00Z,FRESH-8LB-BEEF-TURKEY,subscription,1,127.2,paid,fulfilled
DASH-3985,2025-04-16T08:10:00Z,FRESH-8LB-BEEF-TURKEY,subscription,1,127.2,paid,fulfilled
DASH-3986,2025-04-16T09:17:00Z,FRESH-8LB-BEEF-TURKEY,subscription,2,254.4,paid,fulfilled
DASH-3987,2025-04-16T10:24:00Z,FRESH-8LB-BEEF-TURKEY,trial,1,34.5,paid,fulfilled
DASH-3988,2025-04-16T11:31:00Z,FRESH-8LB-BEEF-TURKEY,trial,1,34.5,paid,fulfilled
DASH-3989,2025-04-16T12:38:00Z,FRESH-8LB-BEEF-TURKEY,trial,1,34.5,paid,fulfilled
DASH-3990,2025-04-16T13:45:00Z,FRESH-8LB-BEEF-TURKEY,subscription,1,127.2,paid,fulfilled
DASH-3991,2025-04-16T14:52:00Z,FRESH-8LB-BEEF-TURKEY,subscription,1,127.2,paid,fulfilled
DASH-3992,2025-04-16T15:59:00Z,FRESH-8LB-BEEF-TURKEY,subscription,1,127.2,paid,fulfilled
DASH-3993,2025-04-16T16:06:00Z,FRESH-8LB-BEEF-TURKEY,subscription,1,127.2,paid,fulfilled
DASH-3994,2025-04-16T17:13:00Z,FRESH-8LB-BEEF-TURKEY,subscription,1,127.2,paid,fulfilled
DASH-3995,2025-04-16T08:20:00Z,FRESH-8LB-BEEF-TURKEY,subscription,2,254.4,paid,fulfilled
DASH-3996,2025-04-16T09:27:00Z,FRESH-8LB-BEEF-TURKEY,subscription,1,127.2,paid,fulfilled
DASH-3997,2025-04-16T10:34:00Z,FRESH-8LB-BEEF-TURKEY,trial,1,34.5,paid,fulfilled
DASH-3998,2025-04-16T11:41:00Z,FRESH-8LB-BEEF-TURKEY,trial,1,34.5,paid,fulfilled
DASH-3999,2025-04-16T12:48:00Z,FRESH-8LB-BEEF-TURKEY,trial,1,34.5,paid,fulfilled
DASH-4000,2025-04-16T13:55:00Z,FRESH-8LB-BEEF-TURKEY,subscription,1,127.2,paid,fulfilled
DASH-4001,2025-04-16T14:02:00Z,FRESH-8LB-BEEF-TURKEY,subscription,1,127.2,paid,fulfilled
DASH-4002,2025-04-16T15:09:00Z,FRESH-8LB-BEEF-TURKEY,subscription,1,127.2,paid,fulfilled
DASH-4003,2025-04-16T16:16:00Z,FRESH-8LB-BEEF-TURKEY,subscription,1,127.2,paid,fulfilled
DASH-4004,2025-04-16T17:23:00Z,FRESH-8LB-BEEF-TURKEY,subscription,2,254.4,paid,fulfilled
DASH-4005,2025-04-17T08:00:00Z,FRESH-8LB-BEEF-TURKEY,subscription,1,127.2,paid,fulfilled
DASH-4006,2025-04-17T09:07:00Z,FRESH-8LB-BEEF-TURKEY,subscription,2,254.4,paid,fulfilled
DASH-4007,2025-04-17T10:14:00Z,FRESH-8LB-BEEF-TURKEY,trial,1,34.5,paid,fulfilled
DASH-4008,2025-04-17T11:21:00Z,FRESH-8LB-BEEF-TURKEY,trial,1,34.5,paid,fulfilled
DASH-4009,2025-04-17T12:28:00Z,FRESH-8LB-BEEF-TURKEY,trial,1,34.5,paid,fulfilled
DASH-4010,2025-04-17T13:35:00Z,FRESH-8LB-BEEF-TURKEY,subscription,1,127.2,paid,fulfilled
DASH-4011,2025-04-17T14:42:00Z,FRESH-8LB-BEEF-TURKEY,subscription,1,127.2,paid,fulfilled
DASH-4012,2025-04-17T15:49:00Z,FRESH-8LB-BEEF-TURKEY,subscription,1,127.2,paid,fulfilled
DASH-4013,2025-04-17T16:56:00Z,FRESH-8LB-BEEF-TURKEY,subscription,1,127.2,paid,fulfilled
DASH-4014,2025-04-17T17:03:00Z,FRESH-8LB-BEEF-TURKEY,subscription,1,127.2,paid,fulfilled
DASH-4015,2025-04-17T08:10:00Z,FRESH-8LB-BEEF-TURKEY,subscription,2,254.4,paid,fulfilled
DASH-4016,2025-04-17T09:17:00Z,FRESH-8LB-BEEF-TURKEY,subscription,1,127.2,paid,fulfilled
DASH-4017,2025-04-17T10:24:00Z,FRESH-8LB-BEEF-TURKEY,trial,1,34.5,paid,fulfilled
DASH-4018,2025-04-17T11:31:00Z,FRESH-8LB-BEEF-TURKEY,trial,1,34.5,paid,fulfilled
DASH-4019,2025-04-17T12:38:00Z,FRESH-8LB-BEEF-TURKEY,trial,1,34.5,paid,fulfilled
DASH-4020,2025-04-17T13:45:00Z,FRESH-8LB-BEEF-TURKEY,subscription,1,127.2,paid,fulfilled
DASH-4021,2025-04-17T14:52:00Z,FRESH-8LB-BEEF-TURKEY,subscription,1,127.2,paid,fulfilled
DASH-4022,2025-04-17T15:59:00Z,FRESH-8LB-BEEF-TURKEY,subscription,1,127.2,paid,fulfilled
DASH-4023,2025-04-17T16:06:00Z,FRESH-8LB-BEEF-TURKEY,subscription,1,127.2,paid,fulfilled
DASH-4024,2025-04-17T17:13:00Z,FRESH-8LB-BEEF-TURKEY,subscription,2,254.4,paid,fulfilled
DASH-4025,2025-04-17T08:20:00Z,FRESH-8LB-BEEF-TURKEY,subscription,1,127.2,paid,fulfilled
DASH-4026,2025-04-17T09:27:00Z,FRESH-8LB-BEEF-TURKEY,subscription,1,127.2,paid,fulfilled
DASH-4027,2025-04-17T10:34:00Z,FRESH-8LB-BEEF-TURKEY,trial,1,34.5,paid,fulfilled
DASH-4028,2025-04-17T11:41:00Z,FRESH-8LB-BEEF-TURKEY,trial,1,34.5,paid,fulfilled
DASH-4029,2025-04-17T12:48:00Z,FRESH-8LB-BEEF-TURKEY,trial,1,34.5,paid,fulfilled
DASH-4030,2025-04-17T13:55:00Z,FRESH-8LB-BEEF-TURKEY,subscription,1,127.2,paid,fulfilled
DASH-4031,2025-04-17T14:02:00Z,FRESH-8LB-BEEF-TURKEY,subscription,1,127.2,paid,fulfilled
DASH-4032,2025-04-17T15:09:00Z,FRESH-8LB-BEEF-TURKEY,subscription,1,127.2,paid,fulfilled
DASH-4033,2025-04-17T16:16:00Z,FRESH-8LB-BEEF-TURKEY,subscription,2,254.4,paid,fulfilled
DASH-4034,2025-04-17T17:23:00Z,FRESH-8LB-BEEF-TURKEY,subscription,1,127.2,paid,fulfilled
DASH-4035,2025-04-18T08:00:00Z,FRESH-8LB-BEEF-TURKEY,subscription,2,254.4,paid,fulfilled
DASH-4036,2025-04-18T09:07:00Z,FRESH-8LB-BEEF-TURKEY,subscription,1,127.2,paid,fulfilled
DASH-4037,2025-04-18T10:14:00Z,FRESH-8LB-BEEF-TURKEY,trial,1,34.5,paid,fulfilled
DASH-4038,2025-04-18T11:21:00Z,FRESH-8LB-BEEF-TURKEY,trial,1,34.5,paid,fulfilled
DASH-4039,2025-04-18T12:28:00Z,FRESH-8LB-BEEF-TURKEY,trial,1,34.5,paid,fulfilled
DASH-4040,2025-04-18T13:35:00Z,FRESH-8LB-BEEF-TURKEY,subscription,1,127.2,paid,fulfilled
DASH-4041,2025-04-18T14:42:00Z,FRESH-8LB-BEEF-TURKEY,subscription,1,127.2,paid,fulfilled
DASH-4042,2025-04-18T15:49:00Z,FRESH-8LB-BEEF-TURKEY,subscription,1,127.2,paid,fulfilled
DASH-4043,2025-04-18T16:56:00Z,FRESH-8LB-BEEF-TURKEY,subscription,1,127.2,paid,fulfilled
DASH-4044,2025-04-18T17:03:00Z,FRESH-8LB-BEEF-TURKEY,subscription,2,254.4,paid,fulfilled
DASH-4045,2025-04-18T08:10:00Z,FRESH-8LB-BEEF-TURKEY,subscription,1,127.2,paid,fulfilled
DASH-4046,2025-04-18T09:17:00Z,FRESH-8LB-BEEF-TURKEY,subscription,1,127.2,paid,fulfilled
DASH-4047,2025-04-18T10:24:00Z,FRESH-8LB-BEEF-TURKEY,trial,1,34.5,paid,fulfilled
DASH-4048,2025-04-18T11:31:00Z,FRESH-8LB-BEEF-TURKEY,trial,1,34.5,paid,fulfilled
DASH-4049,2025-04-18T12:38:00Z,FRESH-8LB-BEEF-TURKEY,trial,1,34.5,paid,fulfilled
DASH-4050,2025-04-18T13:45:00Z,FRESH-8LB-BEEF-TURKEY,subscription,1,127.2,paid,fulfilled
DASH-4051,2025-04-18T14:52:00Z,FRESH-8LB-BEEF-TURKEY,subscription,1,127.2,paid,fulfilled
DASH-4052,2025-04-18T15:59:00Z,FRESH-8LB-BEEF-TURKEY,subscription,1,127.2,paid,fulfilled
DASH-4053,2025-04-18T16:06:00Z,FRESH-8LB-BEEF-TURKEY,subscription,2,254.4,paid,fulfilled
DASH-4054,2025-04-18T17:13:00Z,FRESH-8LB-BEEF-TURKEY,subscription,1,127.2,paid,fulfilled
DASH-4055,2025-04-18T08:20:00Z,FRESH-8LB-BEEF-TURKEY,subscription,1,127.2,paid,fulfilled
DASH-4056,2025-04-18T09:27:00Z,FRESH-8LB-BEEF-TURKEY,subscription,1,127.2,paid,fulfilled
DASH-4057,2025-04-18T10:34:00Z,FRESH-8LB-BEEF-TURKEY,trial,1,34.5,paid,fulfilled
DASH-4058,2025-04-18T11:41:00Z,FRESH-8LB-BEEF-TURKEY,trial,1,34.5,paid,fulfilled
DASH-4059,2025-04-18T12:48:00Z,FRESH-8LB-BEEF-TURKEY,trial,1,34.5,paid,fulfilled
DASH-4060,2025-04-18T13:55:00Z,FRESH-8LB-BEEF-TURKEY,subscription,1,127.2,paid,fulfilled
DASH-4061,2025-04-18T14:02:00Z,FRESH-8LB-BEEF-TURKEY,subscription,1,127.2,paid,fulfilled
DASH-4062,2025-04-18T15:09:00Z,FRESH-8LB-BEEF-TURKEY,subscription,2,254.4,paid,fulfilled
DASH-4063,2025-04-18T16:16:00Z,FRESH-8LB-BEEF-TURKEY,subscription,1,127.2,paid,fulfilled
DASH-4064,2025-04-18T17:23:00Z,FRESH-8LB-BEEF-TURKEY,subscription,1,127.2,paid,fulfilled
DASH-4065,2025-04-19T08:00:00Z,FRESH-8LB-BEEF-TURKEY,subscription,1,127.2,paid,fulfilled
DASH-4066,2025-04-19T09:07:00Z,FRESH-8LB-BEEF-TURKEY,subscription,1,127.2,paid,fulfilled
DASH-4067,2025-04-19T10:14:00Z,FRESH-8LB-BEEF-TURKEY,trial,1,34.5,paid,fulfilled
DASH-4068,2025-04-19T11:21:00Z,FRESH-8LB-BEEF-TURKEY,trial,1,34.5,paid,fulfilled
DASH-4069,2025-04-19T12:28:00Z,FRESH-8LB-BEEF-TURKEY,trial,1,34.5,paid,fulfilled
DASH-4070,2025-04-19T13:35:00Z,FRESH-8LB-BEEF-TURKEY,subscription,1,127.2,paid,fulfilled
DASH-4071,2025-04-19T14:42:00Z,FRESH-8LB-BEEF-TURKEY,subscription,1,127.2,paid,fulfilled
DASH-4072,2025-04-19T15:49:00Z,FRESH-8LB-BEEF-TURKEY,subscription,1,127.2,paid,fulfilled
DASH-4073,2025-04-19T16:56:00Z,FRESH-8LB-BEEF-TURKEY,subscription,2,254.4,paid,fulfilled
DASH-4074,2025-04-19T17:03:00Z,FRESH-8LB-BEEF-TURKEY,subscription,1,127.2,paid,fulfilled
DASH-4075,2025-04-19T08:10:00Z,FRESH-8LB-BEEF-TURKEY,subscription,1,127.2,paid,fulfilled
DASH-4076,2025-04-19T09:17:00Z,FRESH-8LB-BEEF-TURKEY,subscription,1,127.2,paid,fulfilled
DASH-4077,2025-04-19T10:24:00Z,FRESH-8LB-BEEF-TURKEY,trial,1,34.5,paid,fulfilled
DASH-4078,2025-04-19T11:31:00Z,FRESH-8LB-BEEF-TURKEY,trial,1,34.5,paid,fulfilled
DASH-4079,2025-04-19T12:38:00Z,FRESH-8LB-BEEF-TURKEY,trial,1,34.5,paid,fulfilled
DASH-4080,2025-04-19T13:45:00Z,FRESH-8LB-BEEF-TURKEY,subscription,1,127.2,paid,fulfilled
DASH-4081,2025-04-19T14:52:00Z,FRESH-8LB-BEEF-TURKEY,subscription,1,127.2,paid,fulfilled
DASH-4082,2025-04-19T15:59:00Z,FRESH-8LB-BEEF-TURKEY,subscription,2,254.4,paid,fulfilled
DASH-4083,2025-04-19T16:06:00Z,FRESH-8LB-BEEF-TURKEY,subscription,1,127.2,paid,fulfilled
DASH-4084,2025-04-19T17:13:00Z,FRESH-8LB-BEEF-TURKEY,subscription,1,127.2,paid,fulfilled
DASH-4085,2025-04-19T08:20:00Z,FRESH-8LB-BEEF-TURKEY,subscription,1,127.2,paid,fulfilled
DASH-4086,2025-04-19T09:27:00Z,FRESH-8LB-BEEF-TURKEY,subscription,1,127.2,paid,fulfilled
DASH-4087,2025-04-19T10:34:00Z,FRESH-8LB-BEEF-TURKEY,trial,1,34.5,paid,fulfilled
DASH-4088,2025-04-19T11:41:00Z,FRESH-8LB-BEEF-TURKEY,trial,1,34.5,paid,fulfilled
DASH-4089,2025-04-19T12:48:00Z,FRESH-8LB-BEEF-TURKEY,trial,1,34.5,paid,fulfilled
DASH-4090,2025-04-19T13:55:00Z,FRESH-8LB-BEEF-TURKEY,subscription,1,127.2,paid,fulfilled
DASH-4091,2025-04-19T14:02:00Z,FRESH-8LB-BEEF-TURKEY,subscription,2,254.4,paid,fulfilled
DASH-4092,2025-04-19T15:09:00Z,FRESH-8LB-BEEF-TURKEY,subscription,1,127.2,paid,fulfilled
DASH-4093,2025-04-19T16:16:00Z,FRESH-8LB-BEEF-TURKEY,subscription,1,127.2,paid,fulfilled
DASH-4094,2025-04-19T17:23:00Z,FRESH-8LB-BEEF-TURKEY,subscription,1,127.2,paid,fulfilled
DASH-4095,2025-04-20T08:00:00Z,FRESH-8LB-BEEF-TURKEY,subscription,1,127.2,paid,fulfilled
DASH-4096,2025-04-20T09:07:00Z,FRESH-8LB-BEEF-TURKEY,subscription,1,127.2,paid,fulfilled
DASH-4097,2025-04-20T10:14:00Z,FRESH-8LB-BEEF-TURKEY,trial,1,34.5,paid,fulfilled
DASH-4098,2025-04-20T11:21:00Z,FRESH-8LB-BEEF-TURKEY,trial,1,34.5,paid,fulfilled
DASH-4099,2025-04-20T12:28:00Z,FRESH-8LB-BEEF-TURKEY,trial,1,34.5,paid,fulfilled
DASH-4100,2025-04-20T13:35:00Z,FRESH-8LB-BEEF-TURKEY,subscription,1,127.2,paid,fulfilled
DASH-4101,2025-04-20T14:42:00Z,FRESH-8LB-BEEF-TURKEY,subscription,1,127.2,paid,fulfilled
DASH-4102,2025-04-20T15:49:00Z,FRESH-8LB-BEEF-TURKEY,subscription,2,254.4,paid,fulfilled
DASH-4103,2025-04-20T16:56:00Z,FRESH-8LB-BEEF-TURKEY,subscription,1,127.2,paid,fulfilled
DASH-4104,2025-04-20T17:03:00Z,FRESH-8LB-BEEF-TURKEY,subscription,1,127.2,paid,fulfilled
DASH-4105,2025-04-20T08:10:00Z,FRESH-8LB-BEEF-TURKEY,subscription,1,127.2,paid,fulfilled
DASH-4106,2025-04-20T09:17:00Z,FRESH-8LB-BEEF-TURKEY,subscription,1,127.2,paid,fulfilled
DASH-4107,2025-04-20T10:24:00Z,FRESH-8LB-BEEF-TURKEY,trial,1,34.5,paid,fulfilled
DASH-4108,2025-04-20T11:31:00Z,FRESH-8LB-BEEF-TURKEY,trial,1,34.5,paid,fulfilled
DASH-4109,2025-04-20T12:38:00Z,FRESH-8LB-BEEF-TURKEY,trial,1,34.5,paid,fulfilled
DASH-4110,2025-04-20T13:45:00Z,FRESH-8LB-BEEF-TURKEY,subscription,1,127.2,paid,fulfilled
DASH-4111,2025-04-20T14:52:00Z,FRESH-8LB-BEEF-TURKEY,subscription,2,254.4,paid,fulfilled
DASH-4112,2025-04-20T15:59:00Z,FRESH-8LB-BEEF-TURKEY,subscription,1,127.2,paid,fulfilled
DASH-4113,2025-04-20T16:06:00Z,FRESH-8LB-BEEF-TURKEY,subscription,1,127.2,paid,fulfilled
DASH-4114,2025-04-20T17:13:00Z,FRESH-8LB-BEEF-TURKEY,subscription,1,127.2,paid,fulfilled
DASH-4115,2025-04-20T08:20:00Z,FRESH-8LB-BEEF-TURKEY,subscription,1,127.2,paid,fulfilled
DASH-4116,2025-04-20T09:27:00Z,FRESH-8LB-BEEF-TURKEY,subscription,1,127.2,paid,fulfilled
DASH-4117,2025-04-20T10:34:00Z,FRESH-8LB-BEEF-TURKEY,trial,1,34.5,paid,fulfilled
DASH-4118,2025-04-20T11:41:00Z,FRESH-8LB-BEEF-TURKEY,trial,1,34.5,paid,fulfilled
DASH-4119,2025-04-20T12:48:00Z,FRESH-8LB-BEEF-TURKEY,trial,1,34.5,paid,fulfilled
DASH-4120,2025-04-20T13:55:00Z,FRESH-8LB-BEEF-TURKEY,subscription,2,254.4,paid,fulfilled
DASH-4121,2025-04-20T14:02:00Z,FRESH-8LB-BEEF-TURKEY,subscription,1,127.2,paid,fulfilled
DASH-4122,2025-04-20T15:09:00Z,FRESH-8LB-BEEF-TURKEY,subscription,1,127.2,paid,fulfilled
DASH-4123,2025-04-20T16:16:00Z,FRESH-8LB-BEEF-TURKEY,subscription,1,127.2,paid,fulfilled
DASH-4124,2025-04-20T17:23:00Z,FRESH-8LB-BEEF-TURKEY,subscription,1,127.2,paid,fulfilled
DASH-4125,2025-04-21T08:00:00Z,FRESH-8LB-BEEF-TURKEY,subscription,1,127.2,paid,fulfilled
DASH-4126,2025-04-21T09:07:00Z,FRESH-8LB-BEEF-TURKEY,subscription,1,127.2,paid,fulfilled
DASH-4127,2025-04-21T10:14:00Z,FRESH-8LB-BEEF-TURKEY,trial,1,34.5,paid,fulfilled
DASH-4128,2025-04-21T11:21:00Z,FRESH-8LB-BEEF-TURKEY,trial,1,34.5,paid,fulfilled
DASH-4129,2025-04-21T12:28:00Z,FRESH-8LB-BEEF-TURKEY,trial,1,34.5,paid,fulfilled
DASH-4130,2025-04-21T13:35:00Z,FRESH-8LB-BEEF-TURKEY,subscription,1,127.2,paid,fulfilled
DASH-4131,2025-04-21T14:42:00Z,FRESH-8LB-BEEF-TURKEY,subscription,2,254.4,paid,fulfilled
DASH-4132,2025-04-21T15:49:00Z,FRESH-8LB-BEEF-TURKEY,subscription,1,127.2,paid,fulfilled
DASH-4133,2025-04-21T16:56:00Z,FRESH-8LB-BEEF-TURKEY,subscription,1,127.2,paid,fulfilled
DASH-4134,2025-04-21T17:03:00Z,FRESH-8LB-BEEF-TURKEY,subscription,1,127.2,paid,fulfilled
DASH-4135,2025-04-21T08:10:00Z,FRESH-8LB-BEEF-TURKEY,subscription,1,127.2,paid,fulfilled
DASH-4136,2025-04-21T09:17:00Z,FRESH-8LB-BEEF-TURKEY,subscription,1,127.2,paid,fulfilled
DASH-4137,2025-04-21T10:24:00Z,FRESH-8LB-BEEF-TURKEY,trial,1,34.5,paid,fulfilled
DASH-4138,2025-04-21T11:31:00Z,FRESH-8LB-BEEF-TURKEY,trial,1,34.5,paid,fulfilled
DASH-4139,2025-04-21T12:38:00Z,FRESH-8LB-BEEF-TURKEY,trial,1,34.5,paid,fulfilled
DASH-4140,2025-04-21T13:45:00Z,FRESH-8LB-BEEF-TURKEY,subscription,2,254.4,paid,fulfilled
DASH-4141,2025-04-21T14:52:00Z,FRESH-8LB-BEEF-TURKEY,subscription,1,127.2,paid,fulfilled
DASH-4142,2025-04-21T15:59:00Z,FRESH-8LB-BEEF-TURKEY,subscription,1,127.2,paid,fulfilled
DASH-4143,2025-04-21T16:06:00Z,FRESH-8LB-BEEF-TURKEY,subscription,1,127.2,paid,fulfilled
DASH-4144,2025-04-21T17:13:00Z,FRESH-8LB-BEEF-TURKEY,subscription,1,127.2,paid,fulfilled
DASH-4145,2025-04-21T08:20:00Z,FRESH-8LB-BEEF-TURKEY,subscription,1,127.2,paid,fulfilled
DASH-4146,2025-04-21T09:27:00Z,FRESH-8LB-BEEF-TURKEY,subscription,1,127.2,paid,fulfilled
DASH-4147,2025-04-21T10:34:00Z,FRESH-8LB-BEEF-TURKEY,trial,1,34.5,paid,fulfilled
DASH-4148,2025-04-21T11:41:00Z,FRESH-8LB-BEEF-TURKEY,trial,1,34.5,paid,fulfilled
DASH-4149,2025-04-21T12:48:00Z,FRESH-8LB-BEEF-TURKEY,trial,1,34.5,paid,fulfilled
DASH-4150,2025-04-21T13:55:00Z,FRESH-8LB-BEEF-TURKEY,subscription,1,127.2,paid,fulfilled
DASH-4151,2025-04-21T14:02:00Z,FRESH-8LB-BEEF-TURKEY,subscription,1,127.2,paid,fulfilled
DASH-4152,2025-04-21T15:09:00Z,FRESH-8LB-BEEF-TURKEY,subscription,1,127.2,paid,fulfilled
DASH-4153,2025-04-21T16:16:00Z,FRESH-8LB-BEEF-TURKEY,subscription,1,127.2,paid,fulfilled
DASH-4154,2025-04-21T17:23:00Z,FRESH-8LB-BEEF-TURKEY,subscription,1,127.2,paid,fulfilled
DASH-4155,2025-04-22T08:00:00Z,FRESH-8LB-BEEF-TURKEY,subscription,1,127.2,paid,fulfilled
DASH-4156,2025-04-22T09:07:00Z,FRESH-8LB-BEEF-TURKEY,subscription,1,127.2,paid,fulfilled
DASH-4157,2025-04-22T10:14:00Z,FRESH-8LB-BEEF-TURKEY,trial,1,34.5,paid,fulfilled
DASH-4158,2025-04-22T11:21:00Z,FRESH-8LB-BEEF-TURKEY,trial,1,34.5,paid,fulfilled
DASH-4159,2025-04-22T12:28:00Z,FRESH-8LB-BEEF-TURKEY,trial,1,34.5,paid,fulfilled
DASH-4160,2025-04-22T13:35:00Z,FRESH-8LB-BEEF-TURKEY,subscription,2,254.4,paid,fulfilled
DASH-4161,2025-04-22T14:42:00Z,FRESH-8LB-BEEF-TURKEY,subscription,1,127.2,paid,fulfilled
DASH-4162,2025-04-22T15:49:00Z,FRESH-8LB-BEEF-TURKEY,subscription,1,127.2,paid,fulfilled
DASH-4163,2025-04-22T16:56:00Z,FRESH-8LB-BEEF-TURKEY,subscription,1,127.2,paid,fulfilled
DASH-4164,2025-04-22T17:03:00Z,FRESH-8LB-BEEF-TURKEY,subscription,1,127.2,paid,fulfilled
DASH-4165,2025-04-22T08:10:00Z,FRESH-8LB-BEEF-TURKEY,subscription,1,127.2,paid,fulfilled
DASH-4166,2025-04-22T09:17:00Z,FRESH-8LB-BEEF-TURKEY,subscription,1,127.2,paid,fulfilled
DASH-4167,2025-04-22T10:24:00Z,FRESH-8LB-BEEF-TURKEY,trial,1,34.5,paid,fulfilled
DASH-4168,2025-04-22T11:31:00Z,FRESH-8LB-BEEF-TURKEY,trial,1,34.5,paid,fulfilled
DASH-4169,2025-04-22T12:38:00Z,FRESH-8LB-BEEF-TURKEY,trial,1,34.5,paid,fulfilled
DASH-4170,2025-04-22T13:45:00Z,FRESH-8LB-BEEF-TURKEY,subscription,1,127.2,paid,fulfilled
DASH-4171,2025-04-22T14:52:00Z,FRESH-8LB-BEEF-TURKEY,subscription,1,127.2,paid,fulfilled
DASH-4172,2025-04-22T15:59:00Z,FRESH-8LB-BEEF-TURKEY,subscription,1,127.2,paid,fulfilled
DASH-4173,2025-04-22T16:06:00Z,FRESH-8LB-BEEF-TURKEY,subscription,1,127.2,paid,fulfilled
DASH-4174,2025-04-22T17:13:00Z,FRESH-8LB-BEEF-TURKEY,subscription,1,127.2,paid,fulfilled
DASH-4175,2025-04-22T08:20:00Z,FRESH-8LB-BEEF-TURKEY,subscription,1,127.2,paid,fulfilled
DASH-4176,2025-04-22T09:27:00Z,FRESH-8LB-BEEF-TURKEY,subscription,1,127.2,paid,fulfilled
DASH-4177,2025-04-22T10:34:00Z,FRESH-8LB-BEEF-TURKEY,trial,1,34.5,paid,fulfilled
DASH-4178,2025-04-22T11:41:00Z,FRESH-8LB-BEEF-TURKEY,trial,1,34.5,paid,fulfilled
DASH-4179,2025-04-22T12:48:00Z,FRESH-8LB-BEEF-TURKEY,trial,1,34.5,paid,fulfilled
DASH-4180,2025-04-22T13:55:00Z,FRESH-8LB-BEEF-TURKEY,subscription,1,127.2,paid,fulfilled
DASH-4181,2025-04-22T14:02:00Z,FRESH-8LB-BEEF-TURKEY,subscription,1,127.2,paid,fulfilled
DASH-4182,2025-04-22T15:09:00Z,FRESH-8LB-BEEF-TURKEY,subscription,1,127.2,paid,fulfilled
DASH-4183,2025-04-22T16:16:00Z,FRESH-8LB-BEEF-TURKEY,subscription,1,127.2,paid,fulfilled
DASH-4184,2025-04-22T17:23:00Z,FRESH-8LB-BEEF-TURKEY,subscription,1,127.2,paid,fulfilled
DASH-4185,2025-04-23T08:00:00Z,FRESH-8LB-BEEF-TURKEY,subscription,1,127.2,paid,fulfilled
DASH-4186,2025-04-23T09:07:00Z,FRESH-8LB-BEEF-TURKEY,subscription,1,127.2,paid,fulfilled
DASH-4187,2025-04-23T10:14:00Z,FRESH-8LB-BEEF-TURKEY,trial,1,34.5,paid,fulfilled
DASH-4188,2025-04-23T11:21:00Z,FRESH-8LB-BEEF-TURKEY,trial,1,34.5,paid,fulfilled
DASH-4189,2025-04-23T12:28:00Z,FRESH-8LB-BEEF-TURKEY,trial,1,34.5,paid,fulfilled
DASH-4190,2025-04-23T13:35:00Z,FRESH-8LB-BEEF-TURKEY,subscription,1,127.2,paid,fulfilled
DASH-4191,2025-04-23T14:42:00Z,FRESH-8LB-BEEF-TURKEY,subscription,1,127.2,paid,fulfilled
DASH-4192,2025-04-23T15:49:00Z,FRESH-8LB-BEEF-TURKEY,subscription,1,127.2,paid,fulfilled
DASH-4193,2025-04-23T16:56:00Z,FRESH-8LB-BEEF-TURKEY,subscription,1,127.2,paid,fulfilled
DASH-4194,2025-04-23T17:03:00Z,FRESH-8LB-BEEF-TURKEY,subscription,1,127.2,paid,fulfilled
DASH-4195,2025-04-23T08:10:00Z,FRESH-8LB-BEEF-TURKEY,subscription,1,127.2,paid,fulfilled
DASH-4196,2025-04-23T09:17:00Z,FRESH-8LB-BEEF-TURKEY,subscription,1,127.2,paid,fulfilled
DASH-4197,2025-04-23T10:24:00Z,FRESH-8LB-BEEF-TURKEY,trial,1,34.5,paid,fulfilled
DASH-4198,2025-04-23T11:31:00Z,FRESH-8LB-BEEF-TURKEY,trial,1,34.5,paid,fulfilled
DASH-4199,2025-04-23T12:38:00Z,FRESH-8LB-BEEF-TURKEY,trial,1,34.5,paid,fulfilled
DASH-4200,2025-04-23T13:45:00Z,FRESH-8LB-BEEF-TURKEY,subscription,1,127.2,paid,fulfilled
DASH-4201,2025-04-23T14:52:00Z,FRESH-8LB-BEEF-TURKEY,subscription,1,127.2,paid,fulfilled
DASH-4202,2025-04-23T15:59:00Z,FRESH-8LB-BEEF-TURKEY,subscription,1,127.2,paid,fulfilled
DASH-4203,2025-04-23T16:06:00Z,FRESH-8LB-BEEF-TURKEY,subscription,1,127.2,paid,fulfilled
DASH-4204,2025-04-23T17:13:00Z,FRESH-8LB-BEEF-TURKEY,subscription,1,127.2,paid,fulfilled
DASH-4205,2025-04-23T08:20:00Z,FRESH-8LB-BEEF-TURKEY,subscription,1,127.2,paid,fulfilled
DASH-4206,2025-04-23T09:27:00Z,FRESH-8LB-BEEF-TURKEY,subscription,1,127.2,paid,fulfilled
DASH-4207,2025-04-23T10:34:00Z,FRESH-8LB-BEEF-TURKEY,trial,1,34.5,paid,fulfilled
DASH-4208,2025-04-23T11:41:00Z,FRESH-8LB-BEEF-TURKEY,trial,1,34.5,paid,fulfilled
DASH-4209,2025-04-23T12:48:00Z,FRESH-8LB-BEEF-TURKEY,trial,1,34.5,paid,fulfilled
DASH-4210,2025-04-23T13:55:00Z,FRESH-8LB-BEEF-TURKEY,subscription,1,127.2,paid,fulfilled
DASH-4211,2025-04-23T14:02:00Z,FRESH-8LB-BEEF-TURKEY,subscription,1,127.2,paid,fulfilled
DASH-4212,2025-04-23T15:09:00Z,FRESH-8LB-BEEF-TURKEY,subscription,1,127.2,paid,fulfilled
DASH-4213,2025-04-23T16:16:00Z,FRESH-8LB-BEEF-TURKEY,subscription,1,127.2,paid,fulfilled
DASH-4214,2025-04-23T17:23:00Z,FRESH-8LB-BEEF-TURKEY,subscription,1,127.2,paid,fulfilled
DASH-4215,2025-04-24T08:00:00Z,FRESH-8LB-BEEF-TURKEY,subscription,1,127.2,paid,fulfilled
DASH-4216,2025-04-24T09:07:00Z,FRESH-8LB-BEEF-TURKEY,subscription,1,127.2,paid,fulfilled
DASH-4217,2025-04-24T10:14:00Z,FRESH-8LB-BEEF-TURKEY,trial,1,34.5,paid,fulfilled
DASH-4218,2025-04-24T11:21:00Z,FRESH-8LB-BEEF-TURKEY,trial,1,34.5,paid,fulfilled
DASH-4219,2025-04-24T12:28:00Z,FRESH-8LB-BEEF-TURKEY,trial,1,34.5,paid,fulfilled
DASH-4220,2025-04-24T13:35:00Z,FRESH-8LB-BEEF-TURKEY,subscription,1,127.2,paid,fulfilled
DASH-4221,2025-04-24T14:42:00Z,FRESH-8LB-BEEF-TURKEY,subscription,1,127.2,paid,fulfilled
DASH-4222,2025-04-24T15:49:00Z,FRESH-8LB-BEEF-TURKEY,subscription,1,127.2,paid,fulfilled
DASH-4223,2025-04-24T16:56:00Z,FRESH-8LB-BEEF-TURKEY,subscription,1,127.2,paid,fulfilled
DASH-4224,2025-04-24T17:03:00Z,FRESH-8LB-BEEF-TURKEY,subscription,1,127.2,paid,fulfilled
DASH-4225,2025-04-24T08:10:00Z,FRESH-8LB-BEEF-TURKEY,subscription,1,127.2,paid,fulfilled
DASH-4226,2025-04-24T09:17:00Z,FRESH-8LB-BEEF-TURKEY,subscription,1,127.2,paid,fulfilled
DASH-4227,2025-04-24T10:24:00Z,FRESH-8LB-BEEF-TURKEY,trial,1,34.5,paid,fulfilled
DASH-4228,2025-04-24T11:31:00Z,FRESH-8LB-BEEF-TURKEY,trial,1,34.5,paid,fulfilled
DASH-4229,2025-04-24T12:38:00Z,FRESH-8LB-BEEF-TURKEY,trial,1,34.5,paid,fulfilled
DASH-4230,2025-04-24T13:45:00Z,FRESH-8LB-BEEF-TURKEY,subscription,1,127.2,paid,fulfilled
DASH-4231,2025-04-24T14:52:00Z,FRESH-8LB-BEEF-TURKEY,subscription,1,127.2,paid,fulfilled
DASH-4232,2025-04-24T15:59:00Z,FRESH-8LB-BEEF-TURKEY,subscription,1,127.2,paid,fulfilled
DASH-4233,2025-04-24T16:06:00Z,FRESH-8LB-BEEF-TURKEY,subscription,1,127.2,paid,fulfilled
DASH-4234,2025-04-24T17:13:00Z,FRESH-8LB-BEEF-TURKEY,subscription,1,127.2,paid,fulfilled
DASH-4235,2025-04-24T08:20:00Z,FRESH-8LB-BEEF-TURKEY,subscription,1,127.2,paid,fulfilled
DASH-4236,2025-04-24T09:27:00Z,FRESH-8LB-BEEF-TURKEY,subscription,2,254.4,paid,fulfilled
DASH-4237,2025-04-24T10:34:00Z,FRESH-8LB-BEEF-TURKEY,trial,1,34.5,paid,fulfilled
DASH-4238,2025-04-24T11:41:00Z,FRESH-8LB-BEEF-TURKEY,trial,1,34.5,paid,fulfilled
DASH-4239,2025-04-24T12:48:00Z,FRESH-8LB-BEEF-TURKEY,trial,1,34.5,paid,fulfilled
DASH-4240,2025-04-24T13:55:00Z,FRESH-8LB-BEEF-TURKEY,subscription,1,127.2,paid,fulfilled
DASH-4241,2025-04-24T14:02:00Z,FRESH-8LB-BEEF-TURKEY,subscription,1,127.2,paid,fulfilled
DASH-4242,2025-04-24T15:09:00Z,FRESH-8LB-BEEF-TURKEY,subscription,1,127.2,paid,fulfilled
DASH-4243,2025-04-24T16:16:00Z,FRESH-8LB-BEEF-TURKEY,subscription,1,127.2,paid,fulfilled
DASH-4244,2025-04-24T17:23:00Z,FRESH-8LB-BEEF-TURKEY,subscription,1,127.2,paid,fulfilled
DASH-4245,2025-04-25T08:00:00Z,FRESH-8LB-BEEF-TURKEY,subscription,1,127.2,paid,fulfilled
DASH-4246,2025-04-25T09:07:00Z,FRESH-8LB-BEEF-TURKEY,subscription,1,127.2,paid,fulfilled
DASH-4247,2025-04-25T10:14:00Z,FRESH-8LB-BEEF-TURKEY,trial,1,34.5,paid,fulfilled
DASH-4248,2025-04-25T11:21:00Z,FRESH-8LB-BEEF-TURKEY,trial,1,34.5,paid,fulfilled
DASH-4249,2025-04-25T12:28:00Z,FRESH-8LB-BEEF-TURKEY,trial,1,34.5,paid,fulfilled
DASH-4250,2025-04-25T13:35:00Z,FRESH-8LB-BEEF-TURKEY,subscription,1,127.2,paid,fulfilled
DASH-4251,2025-04-25T14:42:00Z,FRESH-8LB-BEEF-TURKEY,subscription,1,127.2,paid,fulfilled
DASH-4252,2025-04-25T15:49:00Z,FRESH-8LB-BEEF-TURKEY,subscription,1,127.2,paid,fulfilled
DASH-4253,2025-04-25T16:56:00Z,FRESH-8LB-BEEF-TURKEY,subscription,1,127.2,paid,fulfilled
DASH-4254,2025-04-25T17:03:00Z,FRESH-8LB-BEEF-TURKEY,subscription,1,127.2,paid,fulfilled
DASH-4255,2025-04-25T08:10:00Z,FRESH-8LB-BEEF-TURKEY,subscription,1,127.2,paid,fulfilled
DASH-4256,2025-04-25T09:17:00Z,FRESH-8LB-BEEF-TURKEY,subscription,2,254.4,paid,fulfilled
DASH-4257,2025-04-25T10:24:00Z,FRESH-8LB-BEEF-TURKEY,trial,1,34.5,paid,fulfilled
DASH-4258,2025-04-25T11:31:00Z,FRESH-8LB-BEEF-TURKEY,trial,1,34.5,paid,fulfilled
DASH-4259,2025-04-25T12:38:00Z,FRESH-8LB-BEEF-TURKEY,trial,1,34.5,paid,fulfilled
DASH-4260,2025-04-25T13:45:00Z,FRESH-8LB-BEEF-TURKEY,subscription,1,127.2,paid,fulfilled
DASH-4261,2025-04-25T14:52:00Z,FRESH-8LB-BEEF-TURKEY,subscription,1,127.2,paid,fulfilled
DASH-4262,2025-04-25T15:59:00Z,FRESH-8LB-BEEF-TURKEY,subscription,1,127.2,paid,fulfilled
DASH-4263,2025-04-25T16:06:00Z,FRESH-8LB-BEEF-TURKEY,subscription,1,127.2,paid,fulfilled
DASH-4264,2025-04-25T17:13:00Z,FRESH-8LB-BEEF-TURKEY,subscription,1,127.2,paid,fulfilled
DASH-4265,2025-04-25T08:20:00Z,FRESH-8LB-BEEF-TURKEY,subscription,2,254.4,paid,fulfilled
DASH-4266,2025-04-25T09:27:00Z,FRESH-8LB-BEEF-TURKEY,subscription,1,127.2,paid,fulfilled
DASH-4267,2025-04-25T10:34:00Z,FRESH-8LB-BEEF-TURKEY,trial,1,34.5,paid,fulfilled
DASH-4268,2025-04-25T11:41:00Z,FRESH-8LB-BEEF-TURKEY,trial,1,34.5,paid,fulfilled
DASH-4269,2025-04-25T12:48:00Z,FRESH-8LB-BEEF-TURKEY,trial,1,34.5,paid,fulfilled
DASH-4270,2025-04-25T13:55:00Z,FRESH-8LB-BEEF-TURKEY,subscription,1,127.2,paid,fulfilled
DASH-4271,2025-04-25T14:02:00Z,FRESH-8LB-BEEF-TURKEY,subscription,1,127.2,paid,fulfilled
DASH-4272,2025-04-25T15:09:00Z,FRESH-8LB-BEEF-TURKEY,subscription,1,127.2,paid,fulfilled
DASH-4273,2025-04-25T16:16:00Z,FRESH-8LB-BEEF-TURKEY,subscription,1,127.2,paid,fulfilled
DASH-4274,2025-04-25T17:23:00Z,FRESH-8LB-BEEF-TURKEY,subscription,2,254.4,paid,fulfilled
DASH-4275,2025-04-26T08:00:00Z,FRESH-8LB-BEEF-TURKEY,subscription,1,127.2,paid,fulfilled
DASH-4276,2025-04-26T09:07:00Z,FRESH-8LB-BEEF-TURKEY,subscription,2,254.4,paid,fulfilled
DASH-4277,2025-04-26T10:14:00Z,FRESH-8LB-BEEF-TURKEY,trial,1,34.5,paid,fulfilled
DASH-4278,2025-04-26T11:21:00Z,FRESH-8LB-BEEF-TURKEY,trial,1,34.5,paid,fulfilled
DASH-4279,2025-04-26T12:28:00Z,FRESH-8LB-BEEF-TURKEY,trial,1,34.5,paid,fulfilled
DASH-4280,2025-04-26T13:35:00Z,FRESH-8LB-BEEF-TURKEY,subscription,1,127.2,paid,fulfilled
DASH-4281,2025-04-26T14:42:00Z,FRESH-8LB-BEEF-TURKEY,subscription,1,127.2,paid,fulfilled
DASH-4282,2025-04-26T15:49:00Z,FRESH-8LB-BEEF-TURKEY,subscription,1,127.2,paid,fulfilled
DASH-4283,2025-04-26T16:56:00Z,FRESH-8LB-BEEF-TURKEY,subscription,1,127.2,paid,fulfilled
DASH-4284,2025-04-26T17:03:00Z,FRESH-8LB-BEEF-TURKEY,subscription,1,127.2,paid,fulfilled
DASH-4285,2025-04-26T08:10:00Z,FRESH-8LB-BEEF-TURKEY,subscription,2,254.4,paid,fulfilled
DASH-4286,2025-04-26T09:17:00Z,FRESH-8LB-BEEF-TURKEY,subscription,1,127.2,paid,fulfilled
DASH-4287,2025-04-26T10:24:00Z,FRESH-8LB-BEEF-TURKEY,trial,1,34.5,paid,fulfilled
DASH-4288,2025-04-26T11:31:00Z,FRESH-8LB-BEEF-TURKEY,trial,1,34.5,paid,fulfilled
DASH-4289,2025-04-26T12:38:00Z,FRESH-8LB-BEEF-TURKEY,trial,1,34.5,paid,fulfilled
DASH-4290,2025-04-26T13:45:00Z,FRESH-8LB-BEEF-TURKEY,subscription,1,127.2,paid,fulfilled
DASH-4291,2025-04-26T14:52:00Z,FRESH-8LB-BEEF-TURKEY,subscription,1,127.2,paid,fulfilled
DASH-4292,2025-04-26T15:59:00Z,FRESH-8LB-BEEF-TURKEY,subscription,1,127.2,paid,fulfilled
DASH-4293,2025-04-26T16:06:00Z,FRESH-8LB-BEEF-TURKEY,subscription,1,127.2,paid,fulfilled
DASH-4294,2025-04-26T17:13:00Z,FRESH-8LB-BEEF-TURKEY,subscription,2,254.4,paid,fulfilled
DASH-4295,2025-04-26T08:20:00Z,FRESH-8LB-BEEF-TURKEY,subscription,1,127.2,paid,fulfilled
DASH-4296,2025-04-26T09:27:00Z,FRESH-8LB-BEEF-TURKEY,subscription,1,127.2,paid,fulfilled
DASH-4297,2025-04-26T10:34:00Z,FRESH-8LB-BEEF-TURKEY,trial,1,34.5,paid,fulfilled
DASH-4298,2025-04-26T11:41:00Z,FRESH-8LB-BEEF-TURKEY,trial,1,34.5,paid,fulfilled
DASH-4299,2025-04-26T12:48:00Z,FRESH-8LB-BEEF-TURKEY,trial,1,34.5,paid,fulfilled
DASH-4300,2025-04-26T13:55:00Z,FRESH-8LB-BEEF-TURKEY,subscription,1,127.2,paid,fulfilled
DASH-4301,2025-04-26T14:02:00Z,FRESH-8LB-BEEF-TURKEY,subscription,1,127.2,paid,fulfilled
DASH-4302,2025-04-26T15:09:00Z,FRESH-8LB-BEEF-TURKEY,subscription,1,127.2,paid,fulfilled
DASH-4303,2025-04-26T16:16:00Z,FRESH-8LB-BEEF-TURKEY,subscription,2,254.4,paid,fulfilled
DASH-4304,2025-04-26T17:23:00Z,FRESH-8LB-BEEF-TURKEY,subscription,1,127.2,paid,fulfilled
DASH-4305,2025-04-27T08:00:00Z,FRESH-8LB-BEEF-TURKEY,subscription,2,254.4,paid,fulfilled
DASH-4306,2025-04-27T09:07:00Z,FRESH-8LB-BEEF-TURKEY,subscription,1,127.2,paid,fulfilled
DASH-4307,2025-04-27T10:14:00Z,FRESH-8LB-BEEF-TURKEY,trial,1,34.5,paid,fulfilled
DASH-4308,2025-04-27T11:21:00Z,FRESH-8LB-BEEF-TURKEY,trial,1,34.5,paid,fulfilled
DASH-4309,2025-04-27T12:28:00Z,FRESH-8LB-BEEF-TURKEY,trial,1,34.5,paid,fulfilled
DASH-4310,2025-04-27T13:35:00Z,FRESH-8LB-BEEF-TURKEY,subscription,1,127.2,paid,fulfilled
DASH-4311,2025-04-27T14:42:00Z,FRESH-8LB-BEEF-TURKEY,subscription,1,127.2,paid,fulfilled
DASH-4312,2025-04-27T15:49:00Z,FRESH-8LB-BEEF-TURKEY,subscription,1,127.2,paid,fulfilled
DASH-4313,2025-04-27T16:56:00Z,FRESH-8LB-BEEF-TURKEY,subscription,1,127.2,paid,fulfilled
DASH-4314,2025-04-27T17:03:00Z,FRESH-8LB-BEEF-TURKEY,subscription,2,254.4,paid,fulfilled
DASH-4315,2025-04-27T08:10:00Z,FRESH-8LB-BEEF-TURKEY,subscription,1,127.2,paid,fulfilled
DASH-4316,2025-04-27T09:17:00Z,FRESH-8LB-BEEF-TURKEY,subscription,1,127.2,paid,fulfilled
DASH-4317,2025-04-27T10:24:00Z,FRESH-8LB-BEEF-TURKEY,trial,1,34.5,paid,fulfilled
DASH-4318,2025-04-27T11:31:00Z,FRESH-8LB-BEEF-TURKEY,trial,1,34.5,paid,fulfilled
DASH-4319,2025-04-27T12:38:00Z,FRESH-8LB-BEEF-TURKEY,trial,1,34.5,paid,fulfilled
DASH-4320,2025-04-27T13:45:00Z,FRESH-8LB-BEEF-TURKEY,subscription,1,127.2,paid,fulfilled
DASH-4321,2025-04-27T14:52:00Z,FRESH-8LB-BEEF-TURKEY,subscription,1,127.2,paid,fulfilled
DASH-4322,2025-04-27T15:59:00Z,FRESH-8LB-BEEF-TURKEY,subscription,1,127.2,paid,fulfilled
DASH-4323,2025-04-27T16:06:00Z,FRESH-8LB-BEEF-TURKEY,subscription,2,254.4,paid,fulfilled
DASH-4324,2025-04-27T17:13:00Z,FRESH-8LB-BEEF-TURKEY,subscription,1,127.2,paid,fulfilled
DASH-4325,2025-04-27T08:20:00Z,FRESH-8LB-BEEF-TURKEY,subscription,1,127.2,paid,fulfilled
DASH-4326,2025-04-27T09:27:00Z,FRESH-8LB-BEEF-TURKEY,subscription,1,127.2,paid,fulfilled
DASH-4327,2025-04-27T10:34:00Z,FRESH-8LB-BEEF-TURKEY,trial,1,34.5,paid,fulfilled
DASH-4328,2025-04-27T11:41:00Z,FRESH-8LB-BEEF-TURKEY,trial,1,34.5,paid,fulfilled
DASH-4329,2025-04-27T12:48:00Z,FRESH-8LB-BEEF-TURKEY,trial,1,34.5,paid,fulfilled
DASH-4330,2025-04-27T13:55:00Z,FRESH-8LB-BEEF-TURKEY,subscription,1,127.2,paid,fulfilled
DASH-4331,2025-04-27T14:02:00Z,FRESH-8LB-BEEF-TURKEY,subscription,1,127.2,paid,fulfilled
DASH-4332,2025-04-27T15:09:00Z,FRESH-8LB-BEEF-TURKEY,subscription,2,254.4,paid,fulfilled
DASH-4333,2025-04-27T16:16:00Z,FRESH-8LB-BEEF-TURKEY,subscription,1,127.2,paid,fulfilled
DASH-4334,2025-04-27T17:23:00Z,FRESH-8LB-BEEF-TURKEY,subscription,1,127.2,paid,fulfilled
DASH-4335,2025-04-28T08:00:00Z,FRESH-8LB-BEEF-TURKEY,subscription,1,127.2,paid,fulfilled
DASH-4336,2025-04-28T09:07:00Z,FRESH-8LB-BEEF-TURKEY,subscription,1,127.2,paid,fulfilled
DASH-4337,2025-04-28T10:14:00Z,FRESH-8LB-BEEF-TURKEY,trial,1,34.5,paid,fulfilled
DASH-4338,2025-04-28T11:21:00Z,FRESH-8LB-BEEF-TURKEY,trial,1,34.5,paid,fulfilled
DASH-4339,2025-04-28T12:28:00Z,FRESH-8LB-BEEF-TURKEY,trial,1,34.5,paid,fulfilled
DASH-4340,2025-04-28T13:35:00Z,FRESH-8LB-BEEF-TURKEY,subscription,1,127.2,paid,fulfilled
DASH-4341,2025-04-28T14:42:00Z,FRESH-8LB-BEEF-TURKEY,subscription,1,127.2,paid,fulfilled
DASH-4342,2025-04-28T15:49:00Z,FRESH-8LB-BEEF-TURKEY,subscription,1,127.2,paid,fulfilled
DASH-4343,2025-04-28T16:56:00Z,FRESH-8LB-BEEF-TURKEY,subscription,2,254.4,paid,fulfilled
DASH-4344,2025-04-28T17:03:00Z,FRESH-8LB-BEEF-TURKEY,subscription,1,127.2,paid,fulfilled
DASH-4345,2025-04-28T08:10:00Z,FRESH-8LB-BEEF-TURKEY,subscription,1,127.2,paid,fulfilled
DASH-4346,2025-04-28T09:17:00Z,FRESH-8LB-BEEF-TURKEY,subscription,1,127.2,paid,fulfilled
DASH-4347,2025-04-28T10:24:00Z,FRESH-8LB-BEEF-TURKEY,trial,1,34.5,paid,fulfilled
DASH-4348,2025-04-28T11:31:00Z,FRESH-8LB-BEEF-TURKEY,trial,1,34.5,paid,fulfilled
DASH-4349,2025-04-28T12:38:00Z,FRESH-8LB-BEEF-TURKEY,trial,1,34.5,paid,fulfilled
DASH-4350,2025-04-28T13:45:00Z,FRESH-8LB-BEEF-TURKEY,subscription,1,127.2,paid,fulfilled
DASH-4351,2025-04-28T14:52:00Z,FRESH-8LB-BEEF-TURKEY,subscription,1,127.2,paid,fulfilled
DASH-4352,2025-04-28T15:59:00Z,FRESH-8LB-BEEF-TURKEY,subscription,2,254.4,paid,fulfilled
DASH-4353,2025-04-28T16:06:00Z,FRESH-8LB-BEEF-TURKEY,subscription,1,127.2,paid,fulfilled
DASH-4354,2025-04-28T17:13:00Z,FRESH-8LB-BEEF-TURKEY,subscription,1,127.2,paid,fulfilled
DASH-4355,2025-04-28T08:20:00Z,FRESH-8LB-BEEF-TURKEY,subscription,1,127.2,paid,fulfilled
DASH-4356,2025-04-28T09:27:00Z,FRESH-8LB-BEEF-TURKEY,subscription,1,127.2,paid,fulfilled
DASH-4357,2025-04-28T10:34:00Z,FRESH-8LB-BEEF-TURKEY,trial,1,34.5,paid,fulfilled
DASH-4358,2025-04-28T11:41:00Z,FRESH-8LB-BEEF-TURKEY,trial,1,34.5,paid,fulfilled
DASH-4359,2025-04-28T12:48:00Z,FRESH-8LB-BEEF-TURKEY,trial,1,34.5,paid,fulfilled
DASH-4360,2025-04-28T13:55:00Z,FRESH-8LB-BEEF-TURKEY,subscription,1,127.2,paid,fulfilled
DASH-4361,2025-04-28T14:02:00Z,FRESH-8LB-BEEF-TURKEY,subscription,2,254.4,paid,fulfilled
DASH-4362,2025-04-28T15:09:00Z,FRESH-8LB-BEEF-TURKEY,subscription,1,127.2,paid,fulfilled
DASH-4363,2025-04-28T16:16:00Z,FRESH-8LB-BEEF-TURKEY,subscription,1,127.2,paid,fulfilled
DASH-4364,2025-04-28T17:23:00Z,FRESH-8LB-BEEF-TURKEY,subscription,1,127.2,paid,fulfilled
DASH-4365,2025-04-29T08:00:00Z,FRESH-8LB-BEEF-TURKEY,subscription,1,127.2,paid,fulfilled
DASH-4366,2025-04-29T09:07:00Z,FRESH-8LB-BEEF-TURKEY,subscription,1,127.2,paid,fulfilled
DASH-4367,2025-04-29T10:14:00Z,FRESH-8LB-BEEF-TURKEY,trial,1,34.5,paid,fulfilled
DASH-4368,2025-04-29T11:21:00Z,FRESH-8LB-BEEF-TURKEY,trial,1,34.5,paid,fulfilled
DASH-4369,2025-04-29T12:28:00Z,FRESH-8LB-BEEF-TURKEY,trial,1,34.5,paid,fulfilled
DASH-4370,2025-04-29T13:35:00Z,FRESH-8LB-BEEF-TURKEY,subscription,1,127.2,paid,fulfilled
DASH-4371,2025-04-29T14:42:00Z,FRESH-8LB-BEEF-TURKEY,subscription,1,127.2,paid,fulfilled
DASH-4372,2025-04-29T15:49:00Z,FRESH-8LB-BEEF-TURKEY,subscription,2,254.4,paid,fulfilled
DASH-4373,2025-04-29T16:56:00Z,FRESH-8LB-BEEF-TURKEY,subscription,1,127.2,paid,fulfilled
DASH-4374,2025-04-29T17:03:00Z,FRESH-8LB-BEEF-TURKEY,subscription,1,127.2,paid,fulfilled
DASH-4375,2025-04-29T08:10:00Z,FRESH-8LB-BEEF-TURKEY,subscription,1,127.2,paid,fulfilled
DASH-4376,2025-04-29T09:17:00Z,FRESH-8LB-BEEF-TURKEY,subscription,1,127.2,paid,fulfilled
DASH-4377,2025-04-29T10:24:00Z,FRESH-8LB-BEEF-TURKEY,trial,1,34.5,paid,fulfilled
DASH-4378,2025-04-29T11:31:00Z,FRESH-8LB-BEEF-TURKEY,trial,1,34.5,paid,fulfilled
DASH-4379,2025-04-29T12:38:00Z,FRESH-8LB-BEEF-TURKEY,trial,1,34.5,paid,fulfilled
DASH-4380,2025-04-29T13:45:00Z,FRESH-8LB-BEEF-TURKEY,subscription,1,127.2,paid,fulfilled
DASH-4381,2025-04-29T14:52:00Z,FRESH-8LB-BEEF-TURKEY,subscription,2,254.4,paid,fulfilled
DASH-4382,2025-04-29T15:59:00Z,FRESH-8LB-BEEF-TURKEY,subscription,1,127.2,paid,fulfilled
DASH-4383,2025-04-29T16:06:00Z,FRESH-8LB-BEEF-TURKEY,subscription,1,127.2,paid,fulfilled
DASH-4384,2025-04-29T17:13:00Z,FRESH-8LB-BEEF-TURKEY,subscription,1,127.2,paid,fulfilled
DASH-4385,2025-04-29T08:20:00Z,FRESH-8LB-BEEF-TURKEY,subscription,1,127.2,paid,fulfilled
DASH-4386,2025-04-29T09:27:00Z,FRESH-8LB-BEEF-TURKEY,subscription,1,127.2,paid,fulfilled
DASH-4387,2025-04-29T10:34:00Z,FRESH-8LB-BEEF-TURKEY,trial,1,34.5,paid,fulfilled
DASH-4388,2025-04-29T11:41:00Z,FRESH-8LB-BEEF-TURKEY,trial,1,34.5,paid,fulfilled
DASH-4389,2025-04-29T12:48:00Z,FRESH-8LB-BEEF-TURKEY,trial,1,34.5,paid,fulfilled
DASH-4390,2025-04-29T13:55:00Z,FRESH-8LB-BEEF-TURKEY,subscription,2,254.4,paid,fulfilled
DASH-4391,2025-04-29T14:02:00Z,FRESH-8LB-BEEF-TURKEY,subscription,1,127.2,paid,fulfilled
DASH-4392,2025-04-29T15:09:00Z,FRESH-8LB-BEEF-TURKEY,subscription,1,127.2,paid,fulfilled
DASH-4393,2025-04-29T16:16:00Z,FRESH-8LB-BEEF-TURKEY,subscription,1,127.2,paid,fulfilled
DASH-4394,2025-04-29T17:23:00Z,FRESH-8LB-BEEF-TURKEY,subscription,1,127.2,paid,fulfilled
DASH-4395,2025-04-30T08:00:00Z,FRESH-8LB-BEEF-TURKEY,subscription,1,127.2,paid,fulfilled
DASH-4396,2025-04-30T09:07:00Z,FRESH-8LB-BEEF-TURKEY,subscription,1,127.2,paid,fulfilled
DASH-4397,2025-04-30T10:14:00Z,FRESH-8LB-BEEF-TURKEY,subscription,1,127.2,paid,fulfilled
DASH-4398,2025-04-30T11:21:00Z,FRESH-8LB-BEEF-TURKEY,subscription,1,127.2,paid,fulfilled
DASH-4399,2025-04-30T12:28:00Z,FRESH-8LB-BEEF-TURKEY,subscription,1,127.2,paid,fulfilled
DASH-4400,2025-04-30T13:35:00Z,FRESH-8LB-BEEF-TURKEY,subscription,1,127.2,paid,fulfilled
DASH-4401,2025-04-30T14:42:00Z,FRESH-8LB-BEEF-TURKEY,trial,1,34.5,paid,fulfilled
DASH-4402,2025-04-30T15:49:00Z,FRESH-8LB-BEEF-TURKEY,trial,1,34.5,paid,fulfilled
DASH-4403,2025-04-30T16:56:00Z,FRESH-8LB-BEEF-TURKEY,trial,1,34.5,paid,fulfilled
DASH-4404,2025-04-30T17:03:00Z,FRESH-8LB-BEEF-TURKEY,subscription,1,127.2,paid,fulfilled
DASH-4405,2025-04-30T08:10:00Z,FRESH-8LB-BEEF-TURKEY,subscription,1,127.2,paid,fulfilled
DASH-4406,2025-04-30T09:17:00Z,FRESH-8LB-BEEF-TURKEY,subscription,1,127.2,paid,fulfilled
DASH-4407,2025-04-30T10:24:00Z,FRESH-8LB-BEEF-TURKEY,subscription,1,127.2,paid,fulfilled
DASH-4408,2025-04-30T11:31:00Z,FRESH-8LB-BEEF-TURKEY,subscription,1,127.2,paid,fulfilled
DASH-4409,2025-04-30T12:38:00Z,FRESH-8LB-BEEF-TURKEY,subscription,1,127.2,paid,fulfilled
DASH-4410,2025-04-30T13:45:00Z,FRESH-8LB-BEEF-TURKEY,subscription,2,254.4,paid,fulfilled
DASH-4411,2025-04-30T14:52:00Z,FRESH-8LB-BEEF-TURKEY,trial,1,34.5,paid,fulfilled
DASH-4412,2025-04-30T15:59:00Z,FRESH-8LB-BEEF-TURKEY,trial,1,34.5,paid,fulfilled
DASH-4413,2025-04-30T16:06:00Z,FRESH-8LB-BEEF-TURKEY,trial,1,34.5,paid,fulfilled
DASH-4414,2025-04-30T17:13:00Z,FRESH-8LB-BEEF-TURKEY,subscription,1,127.2,paid,fulfilled
DASH-4415,2025-04-30T08:20:00Z,FRESH-8LB-BEEF-TURKEY,subscription,1,127.2,paid,fulfilled
DASH-4416,2025-04-30T09:27:00Z,FRESH-8LB-BEEF-TURKEY,subscription,1,127.2,paid,fulfilled
DASH-4417,2025-04-30T10:34:00Z,FRESH-8LB-BEEF-TURKEY,subscription,1,127.2,paid,fulfilled
DASH-4418,2025-04-30T11:41:00Z,FRESH-8LB-BEEF-TURKEY,subscription,1,127.2,paid,fulfilled
DASH-4419,2025-04-30T12:48:00Z,FRESH-8LB-BEEF-TURKEY,subscription,2,254.4,paid,fulfilled
DASH-4420,2025-04-30T13:55:00Z,FRESH-8LB-BEEF-TURKEY,subscription,1,127.2,paid,fulfilled
DASH-4421,2025-04-30T14:02:00Z,FRESH-8LB-BEEF-TURKEY,trial,1,34.5,paid,fulfilled
DASH-4422,2025-04-30T15:09:00Z,FRESH-8LB-BEEF-TURKEY,trial,1,34.5,paid,fulfilled
DASH-4423,2025-04-30T16:16:00Z,FRESH-8LB-BEEF-TURKEY,trial,1,34.5,paid,fulfilled
DASH-4424,2025-04-30T17:23:00Z,FRESH-8LB-BEEF-TURKEY,subscription,1,127.2,paid,fulfilled
